[2026-05-17T04:43:50.009+0000] {processor.py:161} INFO - Started process (PID=70) to work on /home/airflow/.local/lib/python3.12/site-packages/airflow/example_dags/example_datasets.py
[2026-05-17T04:43:50.011+0000] {processor.py:830} INFO - Processing file /home/airflow/.local/lib/python3.12/site-packages/airflow/example_dags/example_datasets.py for tasks to queue
[2026-05-17T04:43:50.015+0000] {logging_mixin.py:188} INFO - [2026-05-17T04:43:50.014+0000] {dagbag.py:545} INFO - Filling up the DagBag from /home/airflow/.local/lib/python3.12/site-packages/airflow/example_dags/example_datasets.py
[2026-05-17T04:43:50.075+0000] {processor.py:840} INFO - DAG(s) 'consume_1_or_both_2_and_3_with_dataset_expressions', 'dataset_consumes_unknown_never_scheduled', 'dataset_produces_2', 'dataset_consumes_1_and_2', 'dataset_consumes_1_never_scheduled', 'consume_1_or_2_with_dataset_expressions', 'consume_1_and_2_with_dataset_expressions', 'dataset_produces_1', 'dataset_consumes_1', 'conditional_dataset_and_time_based_timetable' retrieved from /home/airflow/.local/lib/python3.12/site-packages/airflow/example_dags/example_datasets.py
[2026-05-17T04:43:50.112+0000] {logging_mixin.py:188} INFO - [2026-05-17T04:43:50.111+0000] {dag.py:3096} INFO - Sync 10 DAGs
[2026-05-17T04:43:50.163+0000] {logging_mixin.py:188} INFO - [2026-05-17T04:43:50.162+0000] {dag.py:3954} INFO - Setting next_dagrun for conditional_dataset_and_time_based_timetable to 2026-05-13 01:00:00+00:00, run_after=2026-05-13 01:00:00+00:00
[2026-05-17T04:43:50.167+0000] {logging_mixin.py:188} INFO - [2026-05-17T04:43:50.167+0000] {dag.py:3954} INFO - Setting next_dagrun for consume_1_and_2_with_dataset_expressions to None, run_after=None
[2026-05-17T04:43:50.169+0000] {logging_mixin.py:188} INFO - [2026-05-17T04:43:50.168+0000] {dag.py:3954} INFO - Setting next_dagrun for consume_1_or_2_with_dataset_expressions to None, run_after=None
[2026-05-17T04:43:50.170+0000] {logging_mixin.py:188} INFO - [2026-05-17T04:43:50.170+0000] {dag.py:3954} INFO - Setting next_dagrun for consume_1_or_both_2_and_3_with_dataset_expressions to None, run_after=None
[2026-05-17T04:43:50.171+0000] {logging_mixin.py:188} INFO - [2026-05-17T04:43:50.171+0000] {dag.py:3954} INFO - Setting next_dagrun for dataset_consumes_1 to None, run_after=None
[2026-05-17T04:43:50.173+0000] {logging_mixin.py:188} INFO - [2026-05-17T04:43:50.173+0000] {dag.py:3954} INFO - Setting next_dagrun for dataset_consumes_1_and_2 to None, run_after=None
[2026-05-17T04:43:50.175+0000] {logging_mixin.py:188} INFO - [2026-05-17T04:43:50.174+0000] {dag.py:3954} INFO - Setting next_dagrun for dataset_consumes_1_never_scheduled to None, run_after=None
[2026-05-17T04:43:50.176+0000] {logging_mixin.py:188} INFO - [2026-05-17T04:43:50.176+0000] {dag.py:3954} INFO - Setting next_dagrun for dataset_consumes_unknown_never_scheduled to None, run_after=None
[2026-05-17T04:43:50.179+0000] {logging_mixin.py:188} INFO - [2026-05-17T04:43:50.178+0000] {dag.py:3954} INFO - Setting next_dagrun for dataset_produces_1 to 2026-05-16 00:00:00+00:00, run_after=2026-05-17 00:00:00+00:00
[2026-05-17T04:43:50.180+0000] {logging_mixin.py:188} INFO - [2026-05-17T04:43:50.180+0000] {dag.py:3954} INFO - Setting next_dagrun for dataset_produces_2 to None, run_after=None
[2026-05-17T04:43:50.252+0000] {processor.py:183} INFO - Processing /home/airflow/.local/lib/python3.12/site-packages/airflow/example_dags/example_datasets.py took 0.253 seconds
[2026-05-17T04:44:20.527+0000] {processor.py:161} INFO - Started process (PID=129) to work on /home/airflow/.local/lib/python3.12/site-packages/airflow/example_dags/example_datasets.py
[2026-05-17T04:44:20.530+0000] {processor.py:830} INFO - Processing file /home/airflow/.local/lib/python3.12/site-packages/airflow/example_dags/example_datasets.py for tasks to queue
[2026-05-17T04:44:20.532+0000] {logging_mixin.py:188} INFO - [2026-05-17T04:44:20.531+0000] {dagbag.py:545} INFO - Filling up the DagBag from /home/airflow/.local/lib/python3.12/site-packages/airflow/example_dags/example_datasets.py
[2026-05-17T04:44:20.546+0000] {processor.py:840} INFO - DAG(s) 'consume_1_or_both_2_and_3_with_dataset_expressions', 'dataset_consumes_1', 'conditional_dataset_and_time_based_timetable', 'dataset_consumes_1_and_2', 'dataset_consumes_unknown_never_scheduled', 'consume_1_or_2_with_dataset_expressions', 'dataset_produces_1', 'consume_1_and_2_with_dataset_expressions', 'dataset_produces_2', 'dataset_consumes_1_never_scheduled' retrieved from /home/airflow/.local/lib/python3.12/site-packages/airflow/example_dags/example_datasets.py
[2026-05-17T04:44:20.768+0000] {logging_mixin.py:188} INFO - [2026-05-17T04:44:20.767+0000] {dag.py:3096} INFO - Sync 10 DAGs
[2026-05-17T04:44:20.787+0000] {logging_mixin.py:188} INFO - [2026-05-17T04:44:20.787+0000] {dag.py:3954} INFO - Setting next_dagrun for conditional_dataset_and_time_based_timetable to 2026-05-13 01:00:00+00:00, run_after=2026-05-13 01:00:00+00:00
[2026-05-17T04:44:20.791+0000] {logging_mixin.py:188} INFO - [2026-05-17T04:44:20.790+0000] {dag.py:3954} INFO - Setting next_dagrun for consume_1_and_2_with_dataset_expressions to None, run_after=None
[2026-05-17T04:44:20.793+0000] {logging_mixin.py:188} INFO - [2026-05-17T04:44:20.792+0000] {dag.py:3954} INFO - Setting next_dagrun for consume_1_or_2_with_dataset_expressions to None, run_after=None
[2026-05-17T04:44:20.794+0000] {logging_mixin.py:188} INFO - [2026-05-17T04:44:20.794+0000] {dag.py:3954} INFO - Setting next_dagrun for consume_1_or_both_2_and_3_with_dataset_expressions to None, run_after=None
[2026-05-17T04:44:20.796+0000] {logging_mixin.py:188} INFO - [2026-05-17T04:44:20.795+0000] {dag.py:3954} INFO - Setting next_dagrun for dataset_consumes_1 to None, run_after=None
[2026-05-17T04:44:20.797+0000] {logging_mixin.py:188} INFO - [2026-05-17T04:44:20.797+0000] {dag.py:3954} INFO - Setting next_dagrun for dataset_consumes_1_and_2 to None, run_after=None
[2026-05-17T04:44:20.798+0000] {logging_mixin.py:188} INFO - [2026-05-17T04:44:20.798+0000] {dag.py:3954} INFO - Setting next_dagrun for dataset_consumes_1_never_scheduled to None, run_after=None
[2026-05-17T04:44:20.799+0000] {logging_mixin.py:188} INFO - [2026-05-17T04:44:20.799+0000] {dag.py:3954} INFO - Setting next_dagrun for dataset_consumes_unknown_never_scheduled to None, run_after=None
[2026-05-17T04:44:20.801+0000] {logging_mixin.py:188} INFO - [2026-05-17T04:44:20.801+0000] {dag.py:3954} INFO - Setting next_dagrun for dataset_produces_1 to 2026-05-16 00:00:00+00:00, run_after=2026-05-17 00:00:00+00:00
[2026-05-17T04:44:20.802+0000] {logging_mixin.py:188} INFO - [2026-05-17T04:44:20.802+0000] {dag.py:3954} INFO - Setting next_dagrun for dataset_produces_2 to None, run_after=None
[2026-05-17T04:44:20.836+0000] {processor.py:183} INFO - Processing /home/airflow/.local/lib/python3.12/site-packages/airflow/example_dags/example_datasets.py took 0.314 seconds
[2026-05-17T04:44:51.389+0000] {processor.py:161} INFO - Started process (PID=188) to work on /home/airflow/.local/lib/python3.12/site-packages/airflow/example_dags/example_datasets.py
[2026-05-17T04:44:51.390+0000] {processor.py:830} INFO - Processing file /home/airflow/.local/lib/python3.12/site-packages/airflow/example_dags/example_datasets.py for tasks to queue
[2026-05-17T04:44:51.391+0000] {logging_mixin.py:188} INFO - [2026-05-17T04:44:51.391+0000] {dagbag.py:545} INFO - Filling up the DagBag from /home/airflow/.local/lib/python3.12/site-packages/airflow/example_dags/example_datasets.py
[2026-05-17T04:44:51.401+0000] {processor.py:840} INFO - DAG(s) 'conditional_dataset_and_time_based_timetable', 'consume_1_and_2_with_dataset_expressions', 'consume_1_or_2_with_dataset_expressions', 'dataset_consumes_1', 'consume_1_or_both_2_and_3_with_dataset_expressions', 'dataset_consumes_1_and_2', 'dataset_consumes_unknown_never_scheduled', 'dataset_consumes_1_never_scheduled', 'dataset_produces_2', 'dataset_produces_1' retrieved from /home/airflow/.local/lib/python3.12/site-packages/airflow/example_dags/example_datasets.py
[2026-05-17T04:44:51.432+0000] {logging_mixin.py:188} INFO - [2026-05-17T04:44:51.432+0000] {dag.py:3096} INFO - Sync 10 DAGs
[2026-05-17T04:44:51.447+0000] {logging_mixin.py:188} INFO - [2026-05-17T04:44:51.447+0000] {dag.py:3954} INFO - Setting next_dagrun for conditional_dataset_and_time_based_timetable to 2026-05-13 01:00:00+00:00, run_after=2026-05-13 01:00:00+00:00
[2026-05-17T04:44:51.451+0000] {logging_mixin.py:188} INFO - [2026-05-17T04:44:51.450+0000] {dag.py:3954} INFO - Setting next_dagrun for consume_1_and_2_with_dataset_expressions to None, run_after=None
[2026-05-17T04:44:51.452+0000] {logging_mixin.py:188} INFO - [2026-05-17T04:44:51.452+0000] {dag.py:3954} INFO - Setting next_dagrun for consume_1_or_2_with_dataset_expressions to None, run_after=None
[2026-05-17T04:44:51.453+0000] {logging_mixin.py:188} INFO - [2026-05-17T04:44:51.453+0000] {dag.py:3954} INFO - Setting next_dagrun for consume_1_or_both_2_and_3_with_dataset_expressions to None, run_after=None
[2026-05-17T04:44:51.453+0000] {logging_mixin.py:188} INFO - [2026-05-17T04:44:51.453+0000] {dag.py:3954} INFO - Setting next_dagrun for dataset_consumes_1 to None, run_after=None
[2026-05-17T04:44:51.454+0000] {logging_mixin.py:188} INFO - [2026-05-17T04:44:51.454+0000] {dag.py:3954} INFO - Setting next_dagrun for dataset_consumes_1_and_2 to None, run_after=None
[2026-05-17T04:44:51.455+0000] {logging_mixin.py:188} INFO - [2026-05-17T04:44:51.455+0000] {dag.py:3954} INFO - Setting next_dagrun for dataset_consumes_1_never_scheduled to None, run_after=None
[2026-05-17T04:44:51.456+0000] {logging_mixin.py:188} INFO - [2026-05-17T04:44:51.456+0000] {dag.py:3954} INFO - Setting next_dagrun for dataset_consumes_unknown_never_scheduled to None, run_after=None
[2026-05-17T04:44:51.457+0000] {logging_mixin.py:188} INFO - [2026-05-17T04:44:51.457+0000] {dag.py:3954} INFO - Setting next_dagrun for dataset_produces_1 to 2026-05-16 00:00:00+00:00, run_after=2026-05-17 00:00:00+00:00
[2026-05-17T04:44:51.458+0000] {logging_mixin.py:188} INFO - [2026-05-17T04:44:51.458+0000] {dag.py:3954} INFO - Setting next_dagrun for dataset_produces_2 to None, run_after=None
[2026-05-17T04:44:51.479+0000] {processor.py:183} INFO - Processing /home/airflow/.local/lib/python3.12/site-packages/airflow/example_dags/example_datasets.py took 0.094 seconds
[2026-05-17T04:45:21.594+0000] {processor.py:161} INFO - Started process (PID=247) to work on /home/airflow/.local/lib/python3.12/site-packages/airflow/example_dags/example_datasets.py
[2026-05-17T04:45:21.595+0000] {processor.py:830} INFO - Processing file /home/airflow/.local/lib/python3.12/site-packages/airflow/example_dags/example_datasets.py for tasks to queue
[2026-05-17T04:45:21.596+0000] {logging_mixin.py:188} INFO - [2026-05-17T04:45:21.596+0000] {dagbag.py:545} INFO - Filling up the DagBag from /home/airflow/.local/lib/python3.12/site-packages/airflow/example_dags/example_datasets.py
[2026-05-17T04:45:21.605+0000] {processor.py:840} INFO - DAG(s) 'dataset_consumes_1_never_scheduled', 'dataset_produces_2', 'consume_1_or_both_2_and_3_with_dataset_expressions', 'consume_1_and_2_with_dataset_expressions', 'dataset_consumes_1_and_2', 'dataset_consumes_unknown_never_scheduled', 'consume_1_or_2_with_dataset_expressions', 'conditional_dataset_and_time_based_timetable', 'dataset_produces_1', 'dataset_consumes_1' retrieved from /home/airflow/.local/lib/python3.12/site-packages/airflow/example_dags/example_datasets.py
[2026-05-17T04:45:21.633+0000] {logging_mixin.py:188} INFO - [2026-05-17T04:45:21.633+0000] {dag.py:3096} INFO - Sync 10 DAGs
[2026-05-17T04:45:21.647+0000] {logging_mixin.py:188} INFO - [2026-05-17T04:45:21.647+0000] {dag.py:3954} INFO - Setting next_dagrun for conditional_dataset_and_time_based_timetable to 2026-05-13 01:00:00+00:00, run_after=2026-05-13 01:00:00+00:00
[2026-05-17T04:45:21.650+0000] {logging_mixin.py:188} INFO - [2026-05-17T04:45:21.650+0000] {dag.py:3954} INFO - Setting next_dagrun for consume_1_and_2_with_dataset_expressions to None, run_after=None
[2026-05-17T04:45:21.651+0000] {logging_mixin.py:188} INFO - [2026-05-17T04:45:21.651+0000] {dag.py:3954} INFO - Setting next_dagrun for consume_1_or_2_with_dataset_expressions to None, run_after=None
[2026-05-17T04:45:21.652+0000] {logging_mixin.py:188} INFO - [2026-05-17T04:45:21.651+0000] {dag.py:3954} INFO - Setting next_dagrun for consume_1_or_both_2_and_3_with_dataset_expressions to None, run_after=None
[2026-05-17T04:45:21.652+0000] {logging_mixin.py:188} INFO - [2026-05-17T04:45:21.652+0000] {dag.py:3954} INFO - Setting next_dagrun for dataset_consumes_1 to None, run_after=None
[2026-05-17T04:45:21.653+0000] {logging_mixin.py:188} INFO - [2026-05-17T04:45:21.653+0000] {dag.py:3954} INFO - Setting next_dagrun for dataset_consumes_1_and_2 to None, run_after=None
[2026-05-17T04:45:21.654+0000] {logging_mixin.py:188} INFO - [2026-05-17T04:45:21.654+0000] {dag.py:3954} INFO - Setting next_dagrun for dataset_consumes_1_never_scheduled to None, run_after=None
[2026-05-17T04:45:21.656+0000] {logging_mixin.py:188} INFO - [2026-05-17T04:45:21.655+0000] {dag.py:3954} INFO - Setting next_dagrun for dataset_consumes_unknown_never_scheduled to None, run_after=None
[2026-05-17T04:45:21.657+0000] {logging_mixin.py:188} INFO - [2026-05-17T04:45:21.657+0000] {dag.py:3954} INFO - Setting next_dagrun for dataset_produces_1 to 2026-05-16 00:00:00+00:00, run_after=2026-05-17 00:00:00+00:00
[2026-05-17T04:45:21.658+0000] {logging_mixin.py:188} INFO - [2026-05-17T04:45:21.658+0000] {dag.py:3954} INFO - Setting next_dagrun for dataset_produces_2 to None, run_after=None
[2026-05-17T04:45:21.684+0000] {processor.py:183} INFO - Processing /home/airflow/.local/lib/python3.12/site-packages/airflow/example_dags/example_datasets.py took 0.094 seconds
[2026-05-17T04:45:52.255+0000] {processor.py:161} INFO - Started process (PID=312) to work on /home/airflow/.local/lib/python3.12/site-packages/airflow/example_dags/example_datasets.py
[2026-05-17T04:45:52.256+0000] {processor.py:830} INFO - Processing file /home/airflow/.local/lib/python3.12/site-packages/airflow/example_dags/example_datasets.py for tasks to queue
[2026-05-17T04:45:52.258+0000] {logging_mixin.py:188} INFO - [2026-05-17T04:45:52.258+0000] {dagbag.py:545} INFO - Filling up the DagBag from /home/airflow/.local/lib/python3.12/site-packages/airflow/example_dags/example_datasets.py
[2026-05-17T04:45:52.268+0000] {processor.py:840} INFO - DAG(s) 'consume_1_and_2_with_dataset_expressions', 'dataset_consumes_1', 'conditional_dataset_and_time_based_timetable', 'consume_1_or_2_with_dataset_expressions', 'dataset_consumes_1_never_scheduled', 'dataset_consumes_unknown_never_scheduled', 'dataset_produces_2', 'dataset_consumes_1_and_2', 'dataset_produces_1', 'consume_1_or_both_2_and_3_with_dataset_expressions' retrieved from /home/airflow/.local/lib/python3.12/site-packages/airflow/example_dags/example_datasets.py
[2026-05-17T04:45:52.302+0000] {logging_mixin.py:188} INFO - [2026-05-17T04:45:52.302+0000] {dag.py:3096} INFO - Sync 10 DAGs
[2026-05-17T04:45:52.319+0000] {logging_mixin.py:188} INFO - [2026-05-17T04:45:52.318+0000] {dag.py:3954} INFO - Setting next_dagrun for conditional_dataset_and_time_based_timetable to 2026-05-13 01:00:00+00:00, run_after=2026-05-13 01:00:00+00:00
[2026-05-17T04:45:52.322+0000] {logging_mixin.py:188} INFO - [2026-05-17T04:45:52.321+0000] {dag.py:3954} INFO - Setting next_dagrun for consume_1_and_2_with_dataset_expressions to None, run_after=None
[2026-05-17T04:45:52.323+0000] {logging_mixin.py:188} INFO - [2026-05-17T04:45:52.323+0000] {dag.py:3954} INFO - Setting next_dagrun for consume_1_or_2_with_dataset_expressions to None, run_after=None
[2026-05-17T04:45:52.324+0000] {logging_mixin.py:188} INFO - [2026-05-17T04:45:52.324+0000] {dag.py:3954} INFO - Setting next_dagrun for consume_1_or_both_2_and_3_with_dataset_expressions to None, run_after=None
[2026-05-17T04:45:52.325+0000] {logging_mixin.py:188} INFO - [2026-05-17T04:45:52.325+0000] {dag.py:3954} INFO - Setting next_dagrun for dataset_consumes_1 to None, run_after=None
[2026-05-17T04:45:52.326+0000] {logging_mixin.py:188} INFO - [2026-05-17T04:45:52.326+0000] {dag.py:3954} INFO - Setting next_dagrun for dataset_consumes_1_and_2 to None, run_after=None
[2026-05-17T04:45:52.327+0000] {logging_mixin.py:188} INFO - [2026-05-17T04:45:52.327+0000] {dag.py:3954} INFO - Setting next_dagrun for dataset_consumes_1_never_scheduled to None, run_after=None
[2026-05-17T04:45:52.328+0000] {logging_mixin.py:188} INFO - [2026-05-17T04:45:52.328+0000] {dag.py:3954} INFO - Setting next_dagrun for dataset_consumes_unknown_never_scheduled to None, run_after=None
[2026-05-17T04:45:52.329+0000] {logging_mixin.py:188} INFO - [2026-05-17T04:45:52.329+0000] {dag.py:3954} INFO - Setting next_dagrun for dataset_produces_1 to 2026-05-16 00:00:00+00:00, run_after=2026-05-17 00:00:00+00:00
[2026-05-17T04:45:52.330+0000] {logging_mixin.py:188} INFO - [2026-05-17T04:45:52.330+0000] {dag.py:3954} INFO - Setting next_dagrun for dataset_produces_2 to None, run_after=None
[2026-05-17T04:45:52.350+0000] {processor.py:183} INFO - Processing /home/airflow/.local/lib/python3.12/site-packages/airflow/example_dags/example_datasets.py took 0.100 seconds
[2026-05-17T04:46:22.831+0000] {processor.py:161} INFO - Started process (PID=371) to work on /home/airflow/.local/lib/python3.12/site-packages/airflow/example_dags/example_datasets.py
[2026-05-17T04:46:22.832+0000] {processor.py:830} INFO - Processing file /home/airflow/.local/lib/python3.12/site-packages/airflow/example_dags/example_datasets.py for tasks to queue
[2026-05-17T04:46:22.834+0000] {logging_mixin.py:188} INFO - [2026-05-17T04:46:22.834+0000] {dagbag.py:545} INFO - Filling up the DagBag from /home/airflow/.local/lib/python3.12/site-packages/airflow/example_dags/example_datasets.py
[2026-05-17T04:46:22.843+0000] {processor.py:840} INFO - DAG(s) 'dataset_produces_1', 'dataset_consumes_1', 'dataset_produces_2', 'conditional_dataset_and_time_based_timetable', 'consume_1_or_2_with_dataset_expressions', 'dataset_consumes_1_and_2', 'dataset_consumes_1_never_scheduled', 'consume_1_or_both_2_and_3_with_dataset_expressions', 'dataset_consumes_unknown_never_scheduled', 'consume_1_and_2_with_dataset_expressions' retrieved from /home/airflow/.local/lib/python3.12/site-packages/airflow/example_dags/example_datasets.py
[2026-05-17T04:46:22.873+0000] {logging_mixin.py:188} INFO - [2026-05-17T04:46:22.872+0000] {dag.py:3096} INFO - Sync 10 DAGs
[2026-05-17T04:46:22.890+0000] {logging_mixin.py:188} INFO - [2026-05-17T04:46:22.889+0000] {dag.py:3954} INFO - Setting next_dagrun for conditional_dataset_and_time_based_timetable to 2026-05-13 01:00:00+00:00, run_after=2026-05-13 01:00:00+00:00
[2026-05-17T04:46:22.893+0000] {logging_mixin.py:188} INFO - [2026-05-17T04:46:22.893+0000] {dag.py:3954} INFO - Setting next_dagrun for consume_1_and_2_with_dataset_expressions to None, run_after=None
[2026-05-17T04:46:22.894+0000] {logging_mixin.py:188} INFO - [2026-05-17T04:46:22.894+0000] {dag.py:3954} INFO - Setting next_dagrun for consume_1_or_2_with_dataset_expressions to None, run_after=None
[2026-05-17T04:46:22.895+0000] {logging_mixin.py:188} INFO - [2026-05-17T04:46:22.895+0000] {dag.py:3954} INFO - Setting next_dagrun for consume_1_or_both_2_and_3_with_dataset_expressions to None, run_after=None
[2026-05-17T04:46:22.896+0000] {logging_mixin.py:188} INFO - [2026-05-17T04:46:22.896+0000] {dag.py:3954} INFO - Setting next_dagrun for dataset_consumes_1 to None, run_after=None
[2026-05-17T04:46:22.897+0000] {logging_mixin.py:188} INFO - [2026-05-17T04:46:22.897+0000] {dag.py:3954} INFO - Setting next_dagrun for dataset_consumes_1_and_2 to None, run_after=None
[2026-05-17T04:46:22.898+0000] {logging_mixin.py:188} INFO - [2026-05-17T04:46:22.898+0000] {dag.py:3954} INFO - Setting next_dagrun for dataset_consumes_1_never_scheduled to None, run_after=None
[2026-05-17T04:46:22.899+0000] {logging_mixin.py:188} INFO - [2026-05-17T04:46:22.899+0000] {dag.py:3954} INFO - Setting next_dagrun for dataset_consumes_unknown_never_scheduled to None, run_after=None
[2026-05-17T04:46:22.900+0000] {logging_mixin.py:188} INFO - [2026-05-17T04:46:22.900+0000] {dag.py:3954} INFO - Setting next_dagrun for dataset_produces_1 to 2026-05-16 00:00:00+00:00, run_after=2026-05-17 00:00:00+00:00
[2026-05-17T04:46:22.901+0000] {logging_mixin.py:188} INFO - [2026-05-17T04:46:22.901+0000] {dag.py:3954} INFO - Setting next_dagrun for dataset_produces_2 to None, run_after=None
[2026-05-17T04:46:22.922+0000] {processor.py:183} INFO - Processing /home/airflow/.local/lib/python3.12/site-packages/airflow/example_dags/example_datasets.py took 0.095 seconds
[2026-05-17T04:46:53.130+0000] {processor.py:161} INFO - Started process (PID=430) to work on /home/airflow/.local/lib/python3.12/site-packages/airflow/example_dags/example_datasets.py
[2026-05-17T04:46:53.131+0000] {processor.py:830} INFO - Processing file /home/airflow/.local/lib/python3.12/site-packages/airflow/example_dags/example_datasets.py for tasks to queue
[2026-05-17T04:46:53.133+0000] {logging_mixin.py:188} INFO - [2026-05-17T04:46:53.133+0000] {dagbag.py:545} INFO - Filling up the DagBag from /home/airflow/.local/lib/python3.12/site-packages/airflow/example_dags/example_datasets.py
[2026-05-17T04:46:53.142+0000] {processor.py:840} INFO - DAG(s) 'dataset_consumes_1_never_scheduled', 'dataset_consumes_unknown_never_scheduled', 'consume_1_and_2_with_dataset_expressions', 'consume_1_or_both_2_and_3_with_dataset_expressions', 'dataset_consumes_1_and_2', 'dataset_consumes_1', 'conditional_dataset_and_time_based_timetable', 'consume_1_or_2_with_dataset_expressions', 'dataset_produces_2', 'dataset_produces_1' retrieved from /home/airflow/.local/lib/python3.12/site-packages/airflow/example_dags/example_datasets.py
[2026-05-17T04:46:53.170+0000] {logging_mixin.py:188} INFO - [2026-05-17T04:46:53.170+0000] {dag.py:3096} INFO - Sync 10 DAGs
[2026-05-17T04:46:53.186+0000] {logging_mixin.py:188} INFO - [2026-05-17T04:46:53.186+0000] {dag.py:3954} INFO - Setting next_dagrun for conditional_dataset_and_time_based_timetable to 2026-05-13 01:00:00+00:00, run_after=2026-05-13 01:00:00+00:00
[2026-05-17T04:46:53.189+0000] {logging_mixin.py:188} INFO - [2026-05-17T04:46:53.189+0000] {dag.py:3954} INFO - Setting next_dagrun for consume_1_and_2_with_dataset_expressions to None, run_after=None
[2026-05-17T04:46:53.190+0000] {logging_mixin.py:188} INFO - [2026-05-17T04:46:53.189+0000] {dag.py:3954} INFO - Setting next_dagrun for consume_1_or_2_with_dataset_expressions to None, run_after=None
[2026-05-17T04:46:53.190+0000] {logging_mixin.py:188} INFO - [2026-05-17T04:46:53.190+0000] {dag.py:3954} INFO - Setting next_dagrun for consume_1_or_both_2_and_3_with_dataset_expressions to None, run_after=None
[2026-05-17T04:46:53.191+0000] {logging_mixin.py:188} INFO - [2026-05-17T04:46:53.191+0000] {dag.py:3954} INFO - Setting next_dagrun for dataset_consumes_1 to None, run_after=None
[2026-05-17T04:46:53.192+0000] {logging_mixin.py:188} INFO - [2026-05-17T04:46:53.192+0000] {dag.py:3954} INFO - Setting next_dagrun for dataset_consumes_1_and_2 to None, run_after=None
[2026-05-17T04:46:53.193+0000] {logging_mixin.py:188} INFO - [2026-05-17T04:46:53.193+0000] {dag.py:3954} INFO - Setting next_dagrun for dataset_consumes_1_never_scheduled to None, run_after=None
[2026-05-17T04:46:53.194+0000] {logging_mixin.py:188} INFO - [2026-05-17T04:46:53.194+0000] {dag.py:3954} INFO - Setting next_dagrun for dataset_consumes_unknown_never_scheduled to None, run_after=None
[2026-05-17T04:46:53.196+0000] {logging_mixin.py:188} INFO - [2026-05-17T04:46:53.196+0000] {dag.py:3954} INFO - Setting next_dagrun for dataset_produces_1 to 2026-05-16 00:00:00+00:00, run_after=2026-05-17 00:00:00+00:00
[2026-05-17T04:46:53.197+0000] {logging_mixin.py:188} INFO - [2026-05-17T04:46:53.197+0000] {dag.py:3954} INFO - Setting next_dagrun for dataset_produces_2 to None, run_after=None
[2026-05-17T04:46:53.218+0000] {processor.py:183} INFO - Processing /home/airflow/.local/lib/python3.12/site-packages/airflow/example_dags/example_datasets.py took 0.092 seconds
[2026-05-17T04:47:23.742+0000] {processor.py:161} INFO - Started process (PID=489) to work on /home/airflow/.local/lib/python3.12/site-packages/airflow/example_dags/example_datasets.py
[2026-05-17T04:47:23.743+0000] {processor.py:830} INFO - Processing file /home/airflow/.local/lib/python3.12/site-packages/airflow/example_dags/example_datasets.py for tasks to queue
[2026-05-17T04:47:23.744+0000] {logging_mixin.py:188} INFO - [2026-05-17T04:47:23.744+0000] {dagbag.py:545} INFO - Filling up the DagBag from /home/airflow/.local/lib/python3.12/site-packages/airflow/example_dags/example_datasets.py
[2026-05-17T04:47:23.756+0000] {processor.py:840} INFO - DAG(s) 'consume_1_or_2_with_dataset_expressions', 'conditional_dataset_and_time_based_timetable', 'dataset_produces_2', 'dataset_consumes_1', 'dataset_consumes_1_and_2', 'consume_1_and_2_with_dataset_expressions', 'consume_1_or_both_2_and_3_with_dataset_expressions', 'dataset_consumes_1_never_scheduled', 'dataset_produces_1', 'dataset_consumes_unknown_never_scheduled' retrieved from /home/airflow/.local/lib/python3.12/site-packages/airflow/example_dags/example_datasets.py
[2026-05-17T04:47:23.794+0000] {logging_mixin.py:188} INFO - [2026-05-17T04:47:23.794+0000] {dag.py:3096} INFO - Sync 10 DAGs
[2026-05-17T04:47:23.811+0000] {logging_mixin.py:188} INFO - [2026-05-17T04:47:23.810+0000] {dag.py:3954} INFO - Setting next_dagrun for conditional_dataset_and_time_based_timetable to 2026-05-13 01:00:00+00:00, run_after=2026-05-13 01:00:00+00:00
[2026-05-17T04:47:23.814+0000] {logging_mixin.py:188} INFO - [2026-05-17T04:47:23.813+0000] {dag.py:3954} INFO - Setting next_dagrun for consume_1_and_2_with_dataset_expressions to None, run_after=None
[2026-05-17T04:47:23.815+0000] {logging_mixin.py:188} INFO - [2026-05-17T04:47:23.815+0000] {dag.py:3954} INFO - Setting next_dagrun for consume_1_or_2_with_dataset_expressions to None, run_after=None
[2026-05-17T04:47:23.815+0000] {logging_mixin.py:188} INFO - [2026-05-17T04:47:23.815+0000] {dag.py:3954} INFO - Setting next_dagrun for consume_1_or_both_2_and_3_with_dataset_expressions to None, run_after=None
[2026-05-17T04:47:23.816+0000] {logging_mixin.py:188} INFO - [2026-05-17T04:47:23.816+0000] {dag.py:3954} INFO - Setting next_dagrun for dataset_consumes_1 to None, run_after=None
[2026-05-17T04:47:23.817+0000] {logging_mixin.py:188} INFO - [2026-05-17T04:47:23.817+0000] {dag.py:3954} INFO - Setting next_dagrun for dataset_consumes_1_and_2 to None, run_after=None
[2026-05-17T04:47:23.818+0000] {logging_mixin.py:188} INFO - [2026-05-17T04:47:23.818+0000] {dag.py:3954} INFO - Setting next_dagrun for dataset_consumes_1_never_scheduled to None, run_after=None
[2026-05-17T04:47:23.819+0000] {logging_mixin.py:188} INFO - [2026-05-17T04:47:23.819+0000] {dag.py:3954} INFO - Setting next_dagrun for dataset_consumes_unknown_never_scheduled to None, run_after=None
[2026-05-17T04:47:23.820+0000] {logging_mixin.py:188} INFO - [2026-05-17T04:47:23.820+0000] {dag.py:3954} INFO - Setting next_dagrun for dataset_produces_1 to 2026-05-16 00:00:00+00:00, run_after=2026-05-17 00:00:00+00:00
[2026-05-17T04:47:23.821+0000] {logging_mixin.py:188} INFO - [2026-05-17T04:47:23.821+0000] {dag.py:3954} INFO - Setting next_dagrun for dataset_produces_2 to None, run_after=None
[2026-05-17T04:47:23.842+0000] {processor.py:183} INFO - Processing /home/airflow/.local/lib/python3.12/site-packages/airflow/example_dags/example_datasets.py took 0.105 seconds
[2026-05-17T04:47:54.130+0000] {processor.py:161} INFO - Started process (PID=548) to work on /home/airflow/.local/lib/python3.12/site-packages/airflow/example_dags/example_datasets.py
[2026-05-17T04:47:54.131+0000] {processor.py:830} INFO - Processing file /home/airflow/.local/lib/python3.12/site-packages/airflow/example_dags/example_datasets.py for tasks to queue
[2026-05-17T04:47:54.133+0000] {logging_mixin.py:188} INFO - [2026-05-17T04:47:54.133+0000] {dagbag.py:545} INFO - Filling up the DagBag from /home/airflow/.local/lib/python3.12/site-packages/airflow/example_dags/example_datasets.py
[2026-05-17T04:47:54.143+0000] {processor.py:840} INFO - DAG(s) 'dataset_consumes_1', 'consume_1_and_2_with_dataset_expressions', 'dataset_produces_1', 'dataset_consumes_unknown_never_scheduled', 'dataset_produces_2', 'dataset_consumes_1_never_scheduled', 'conditional_dataset_and_time_based_timetable', 'consume_1_or_2_with_dataset_expressions', 'consume_1_or_both_2_and_3_with_dataset_expressions', 'dataset_consumes_1_and_2' retrieved from /home/airflow/.local/lib/python3.12/site-packages/airflow/example_dags/example_datasets.py
[2026-05-17T04:47:54.176+0000] {logging_mixin.py:188} INFO - [2026-05-17T04:47:54.175+0000] {dag.py:3096} INFO - Sync 10 DAGs
[2026-05-17T04:47:54.192+0000] {logging_mixin.py:188} INFO - [2026-05-17T04:47:54.192+0000] {dag.py:3954} INFO - Setting next_dagrun for conditional_dataset_and_time_based_timetable to 2026-05-13 01:00:00+00:00, run_after=2026-05-13 01:00:00+00:00
[2026-05-17T04:47:54.195+0000] {logging_mixin.py:188} INFO - [2026-05-17T04:47:54.195+0000] {dag.py:3954} INFO - Setting next_dagrun for consume_1_and_2_with_dataset_expressions to None, run_after=None
[2026-05-17T04:47:54.196+0000] {logging_mixin.py:188} INFO - [2026-05-17T04:47:54.196+0000] {dag.py:3954} INFO - Setting next_dagrun for consume_1_or_2_with_dataset_expressions to None, run_after=None
[2026-05-17T04:47:54.197+0000] {logging_mixin.py:188} INFO - [2026-05-17T04:47:54.197+0000] {dag.py:3954} INFO - Setting next_dagrun for consume_1_or_both_2_and_3_with_dataset_expressions to None, run_after=None
[2026-05-17T04:47:54.198+0000] {logging_mixin.py:188} INFO - [2026-05-17T04:47:54.198+0000] {dag.py:3954} INFO - Setting next_dagrun for dataset_consumes_1 to None, run_after=None
[2026-05-17T04:47:54.199+0000] {logging_mixin.py:188} INFO - [2026-05-17T04:47:54.199+0000] {dag.py:3954} INFO - Setting next_dagrun for dataset_consumes_1_and_2 to None, run_after=None
[2026-05-17T04:47:54.200+0000] {logging_mixin.py:188} INFO - [2026-05-17T04:47:54.200+0000] {dag.py:3954} INFO - Setting next_dagrun for dataset_consumes_1_never_scheduled to None, run_after=None
[2026-05-17T04:47:54.201+0000] {logging_mixin.py:188} INFO - [2026-05-17T04:47:54.201+0000] {dag.py:3954} INFO - Setting next_dagrun for dataset_consumes_unknown_never_scheduled to None, run_after=None
[2026-05-17T04:47:54.202+0000] {logging_mixin.py:188} INFO - [2026-05-17T04:47:54.202+0000] {dag.py:3954} INFO - Setting next_dagrun for dataset_produces_1 to 2026-05-16 00:00:00+00:00, run_after=2026-05-17 00:00:00+00:00
[2026-05-17T04:47:54.203+0000] {logging_mixin.py:188} INFO - [2026-05-17T04:47:54.203+0000] {dag.py:3954} INFO - Setting next_dagrun for dataset_produces_2 to None, run_after=None
[2026-05-17T04:47:54.223+0000] {processor.py:183} INFO - Processing /home/airflow/.local/lib/python3.12/site-packages/airflow/example_dags/example_datasets.py took 0.096 seconds
[2026-05-17T04:48:24.702+0000] {processor.py:161} INFO - Started process (PID=607) to work on /home/airflow/.local/lib/python3.12/site-packages/airflow/example_dags/example_datasets.py
[2026-05-17T04:48:24.703+0000] {processor.py:830} INFO - Processing file /home/airflow/.local/lib/python3.12/site-packages/airflow/example_dags/example_datasets.py for tasks to queue
[2026-05-17T04:48:24.704+0000] {logging_mixin.py:188} INFO - [2026-05-17T04:48:24.704+0000] {dagbag.py:545} INFO - Filling up the DagBag from /home/airflow/.local/lib/python3.12/site-packages/airflow/example_dags/example_datasets.py
[2026-05-17T04:48:24.713+0000] {processor.py:840} INFO - DAG(s) 'dataset_produces_1', 'consume_1_and_2_with_dataset_expressions', 'consume_1_or_both_2_and_3_with_dataset_expressions', 'consume_1_or_2_with_dataset_expressions', 'dataset_consumes_1_never_scheduled', 'dataset_produces_2', 'dataset_consumes_1', 'conditional_dataset_and_time_based_timetable', 'dataset_consumes_unknown_never_scheduled', 'dataset_consumes_1_and_2' retrieved from /home/airflow/.local/lib/python3.12/site-packages/airflow/example_dags/example_datasets.py
[2026-05-17T04:48:24.742+0000] {logging_mixin.py:188} INFO - [2026-05-17T04:48:24.742+0000] {dag.py:3096} INFO - Sync 10 DAGs
[2026-05-17T04:48:24.758+0000] {logging_mixin.py:188} INFO - [2026-05-17T04:48:24.758+0000] {dag.py:3954} INFO - Setting next_dagrun for conditional_dataset_and_time_based_timetable to 2026-05-13 01:00:00+00:00, run_after=2026-05-13 01:00:00+00:00
[2026-05-17T04:48:24.761+0000] {logging_mixin.py:188} INFO - [2026-05-17T04:48:24.761+0000] {dag.py:3954} INFO - Setting next_dagrun for consume_1_and_2_with_dataset_expressions to None, run_after=None
[2026-05-17T04:48:24.762+0000] {logging_mixin.py:188} INFO - [2026-05-17T04:48:24.762+0000] {dag.py:3954} INFO - Setting next_dagrun for consume_1_or_2_with_dataset_expressions to None, run_after=None
[2026-05-17T04:48:24.763+0000] {logging_mixin.py:188} INFO - [2026-05-17T04:48:24.763+0000] {dag.py:3954} INFO - Setting next_dagrun for consume_1_or_both_2_and_3_with_dataset_expressions to None, run_after=None
[2026-05-17T04:48:24.764+0000] {logging_mixin.py:188} INFO - [2026-05-17T04:48:24.764+0000] {dag.py:3954} INFO - Setting next_dagrun for dataset_consumes_1 to None, run_after=None
[2026-05-17T04:48:24.765+0000] {logging_mixin.py:188} INFO - [2026-05-17T04:48:24.765+0000] {dag.py:3954} INFO - Setting next_dagrun for dataset_consumes_1_and_2 to None, run_after=None
[2026-05-17T04:48:24.766+0000] {logging_mixin.py:188} INFO - [2026-05-17T04:48:24.765+0000] {dag.py:3954} INFO - Setting next_dagrun for dataset_consumes_1_never_scheduled to None, run_after=None
[2026-05-17T04:48:24.766+0000] {logging_mixin.py:188} INFO - [2026-05-17T04:48:24.766+0000] {dag.py:3954} INFO - Setting next_dagrun for dataset_consumes_unknown_never_scheduled to None, run_after=None
[2026-05-17T04:48:24.768+0000] {logging_mixin.py:188} INFO - [2026-05-17T04:48:24.768+0000] {dag.py:3954} INFO - Setting next_dagrun for dataset_produces_1 to 2026-05-16 00:00:00+00:00, run_after=2026-05-17 00:00:00+00:00
[2026-05-17T04:48:24.768+0000] {logging_mixin.py:188} INFO - [2026-05-17T04:48:24.768+0000] {dag.py:3954} INFO - Setting next_dagrun for dataset_produces_2 to None, run_after=None
[2026-05-17T04:48:24.789+0000] {processor.py:183} INFO - Processing /home/airflow/.local/lib/python3.12/site-packages/airflow/example_dags/example_datasets.py took 0.092 seconds
[2026-05-17T04:48:55.229+0000] {processor.py:161} INFO - Started process (PID=666) to work on /home/airflow/.local/lib/python3.12/site-packages/airflow/example_dags/example_datasets.py
[2026-05-17T04:48:55.231+0000] {processor.py:830} INFO - Processing file /home/airflow/.local/lib/python3.12/site-packages/airflow/example_dags/example_datasets.py for tasks to queue
[2026-05-17T04:48:55.234+0000] {logging_mixin.py:188} INFO - [2026-05-17T04:48:55.234+0000] {dagbag.py:545} INFO - Filling up the DagBag from /home/airflow/.local/lib/python3.12/site-packages/airflow/example_dags/example_datasets.py
[2026-05-17T04:48:55.244+0000] {processor.py:840} INFO - DAG(s) 'conditional_dataset_and_time_based_timetable', 'dataset_produces_1', 'dataset_consumes_1_never_scheduled', 'dataset_produces_2', 'consume_1_or_2_with_dataset_expressions', 'consume_1_or_both_2_and_3_with_dataset_expressions', 'dataset_consumes_1', 'dataset_consumes_unknown_never_scheduled', 'dataset_consumes_1_and_2', 'consume_1_and_2_with_dataset_expressions' retrieved from /home/airflow/.local/lib/python3.12/site-packages/airflow/example_dags/example_datasets.py
[2026-05-17T04:48:55.272+0000] {logging_mixin.py:188} INFO - [2026-05-17T04:48:55.272+0000] {dag.py:3096} INFO - Sync 10 DAGs
[2026-05-17T04:48:55.289+0000] {logging_mixin.py:188} INFO - [2026-05-17T04:48:55.289+0000] {dag.py:3954} INFO - Setting next_dagrun for conditional_dataset_and_time_based_timetable to 2026-05-13 01:00:00+00:00, run_after=2026-05-13 01:00:00+00:00
[2026-05-17T04:48:55.292+0000] {logging_mixin.py:188} INFO - [2026-05-17T04:48:55.292+0000] {dag.py:3954} INFO - Setting next_dagrun for consume_1_and_2_with_dataset_expressions to None, run_after=None
[2026-05-17T04:48:55.300+0000] {logging_mixin.py:188} INFO - [2026-05-17T04:48:55.300+0000] {dag.py:3954} INFO - Setting next_dagrun for consume_1_or_2_with_dataset_expressions to None, run_after=None
[2026-05-17T04:48:55.302+0000] {logging_mixin.py:188} INFO - [2026-05-17T04:48:55.302+0000] {dag.py:3954} INFO - Setting next_dagrun for consume_1_or_both_2_and_3_with_dataset_expressions to None, run_after=None
[2026-05-17T04:48:55.304+0000] {logging_mixin.py:188} INFO - [2026-05-17T04:48:55.303+0000] {dag.py:3954} INFO - Setting next_dagrun for dataset_consumes_1 to None, run_after=None
[2026-05-17T04:48:55.304+0000] {logging_mixin.py:188} INFO - [2026-05-17T04:48:55.304+0000] {dag.py:3954} INFO - Setting next_dagrun for dataset_consumes_1_and_2 to None, run_after=None
[2026-05-17T04:48:55.305+0000] {logging_mixin.py:188} INFO - [2026-05-17T04:48:55.305+0000] {dag.py:3954} INFO - Setting next_dagrun for dataset_consumes_1_never_scheduled to None, run_after=None
[2026-05-17T04:48:55.306+0000] {logging_mixin.py:188} INFO - [2026-05-17T04:48:55.306+0000] {dag.py:3954} INFO - Setting next_dagrun for dataset_consumes_unknown_never_scheduled to None, run_after=None
[2026-05-17T04:48:55.308+0000] {logging_mixin.py:188} INFO - [2026-05-17T04:48:55.308+0000] {dag.py:3954} INFO - Setting next_dagrun for dataset_produces_1 to 2026-05-16 00:00:00+00:00, run_after=2026-05-17 00:00:00+00:00
[2026-05-17T04:48:55.308+0000] {logging_mixin.py:188} INFO - [2026-05-17T04:48:55.308+0000] {dag.py:3954} INFO - Setting next_dagrun for dataset_produces_2 to None, run_after=None
[2026-05-17T04:48:55.330+0000] {processor.py:183} INFO - Processing /home/airflow/.local/lib/python3.12/site-packages/airflow/example_dags/example_datasets.py took 0.105 seconds
[2026-05-17T04:49:25.945+0000] {processor.py:161} INFO - Started process (PID=726) to work on /home/airflow/.local/lib/python3.12/site-packages/airflow/example_dags/example_datasets.py
[2026-05-17T04:49:25.945+0000] {processor.py:830} INFO - Processing file /home/airflow/.local/lib/python3.12/site-packages/airflow/example_dags/example_datasets.py for tasks to queue
[2026-05-17T04:49:25.947+0000] {logging_mixin.py:188} INFO - [2026-05-17T04:49:25.946+0000] {dagbag.py:545} INFO - Filling up the DagBag from /home/airflow/.local/lib/python3.12/site-packages/airflow/example_dags/example_datasets.py
[2026-05-17T04:49:25.955+0000] {processor.py:840} INFO - DAG(s) 'consume_1_and_2_with_dataset_expressions', 'dataset_consumes_1_never_scheduled', 'dataset_produces_1', 'dataset_consumes_unknown_never_scheduled', 'dataset_produces_2', 'consume_1_or_2_with_dataset_expressions', 'consume_1_or_both_2_and_3_with_dataset_expressions', 'dataset_consumes_1_and_2', 'conditional_dataset_and_time_based_timetable', 'dataset_consumes_1' retrieved from /home/airflow/.local/lib/python3.12/site-packages/airflow/example_dags/example_datasets.py
[2026-05-17T04:49:25.983+0000] {logging_mixin.py:188} INFO - [2026-05-17T04:49:25.983+0000] {dag.py:3096} INFO - Sync 10 DAGs
[2026-05-17T04:49:26.001+0000] {logging_mixin.py:188} INFO - [2026-05-17T04:49:26.001+0000] {dag.py:3954} INFO - Setting next_dagrun for conditional_dataset_and_time_based_timetable to 2026-05-13 01:00:00+00:00, run_after=2026-05-13 01:00:00+00:00
[2026-05-17T04:49:26.005+0000] {logging_mixin.py:188} INFO - [2026-05-17T04:49:26.005+0000] {dag.py:3954} INFO - Setting next_dagrun for consume_1_and_2_with_dataset_expressions to None, run_after=None
[2026-05-17T04:49:26.006+0000] {logging_mixin.py:188} INFO - [2026-05-17T04:49:26.006+0000] {dag.py:3954} INFO - Setting next_dagrun for consume_1_or_2_with_dataset_expressions to None, run_after=None
[2026-05-17T04:49:26.007+0000] {logging_mixin.py:188} INFO - [2026-05-17T04:49:26.007+0000] {dag.py:3954} INFO - Setting next_dagrun for consume_1_or_both_2_and_3_with_dataset_expressions to None, run_after=None
[2026-05-17T04:49:26.008+0000] {logging_mixin.py:188} INFO - [2026-05-17T04:49:26.008+0000] {dag.py:3954} INFO - Setting next_dagrun for dataset_consumes_1 to None, run_after=None
[2026-05-17T04:49:26.009+0000] {logging_mixin.py:188} INFO - [2026-05-17T04:49:26.009+0000] {dag.py:3954} INFO - Setting next_dagrun for dataset_consumes_1_and_2 to None, run_after=None
[2026-05-17T04:49:26.010+0000] {logging_mixin.py:188} INFO - [2026-05-17T04:49:26.010+0000] {dag.py:3954} INFO - Setting next_dagrun for dataset_consumes_1_never_scheduled to None, run_after=None
[2026-05-17T04:49:26.011+0000] {logging_mixin.py:188} INFO - [2026-05-17T04:49:26.011+0000] {dag.py:3954} INFO - Setting next_dagrun for dataset_consumes_unknown_never_scheduled to None, run_after=None
[2026-05-17T04:49:26.012+0000] {logging_mixin.py:188} INFO - [2026-05-17T04:49:26.012+0000] {dag.py:3954} INFO - Setting next_dagrun for dataset_produces_1 to 2026-05-16 00:00:00+00:00, run_after=2026-05-17 00:00:00+00:00
[2026-05-17T04:49:26.013+0000] {logging_mixin.py:188} INFO - [2026-05-17T04:49:26.013+0000] {dag.py:3954} INFO - Setting next_dagrun for dataset_produces_2 to None, run_after=None
[2026-05-17T04:49:26.039+0000] {processor.py:183} INFO - Processing /home/airflow/.local/lib/python3.12/site-packages/airflow/example_dags/example_datasets.py took 0.098 seconds
[2026-05-17T04:49:56.436+0000] {processor.py:161} INFO - Started process (PID=784) to work on /home/airflow/.local/lib/python3.12/site-packages/airflow/example_dags/example_datasets.py
[2026-05-17T04:49:56.436+0000] {processor.py:830} INFO - Processing file /home/airflow/.local/lib/python3.12/site-packages/airflow/example_dags/example_datasets.py for tasks to queue
[2026-05-17T04:49:56.438+0000] {logging_mixin.py:188} INFO - [2026-05-17T04:49:56.438+0000] {dagbag.py:545} INFO - Filling up the DagBag from /home/airflow/.local/lib/python3.12/site-packages/airflow/example_dags/example_datasets.py
[2026-05-17T04:49:56.448+0000] {processor.py:840} INFO - DAG(s) 'dataset_produces_2', 'conditional_dataset_and_time_based_timetable', 'consume_1_and_2_with_dataset_expressions', 'dataset_consumes_1_never_scheduled', 'dataset_consumes_1', 'consume_1_or_2_with_dataset_expressions', 'dataset_produces_1', 'dataset_consumes_unknown_never_scheduled', 'consume_1_or_both_2_and_3_with_dataset_expressions', 'dataset_consumes_1_and_2' retrieved from /home/airflow/.local/lib/python3.12/site-packages/airflow/example_dags/example_datasets.py
[2026-05-17T04:49:56.479+0000] {logging_mixin.py:188} INFO - [2026-05-17T04:49:56.479+0000] {dag.py:3096} INFO - Sync 10 DAGs
[2026-05-17T04:49:56.499+0000] {logging_mixin.py:188} INFO - [2026-05-17T04:49:56.499+0000] {dag.py:3954} INFO - Setting next_dagrun for conditional_dataset_and_time_based_timetable to 2026-05-13 01:00:00+00:00, run_after=2026-05-13 01:00:00+00:00
[2026-05-17T04:49:56.501+0000] {logging_mixin.py:188} INFO - [2026-05-17T04:49:56.501+0000] {dag.py:3954} INFO - Setting next_dagrun for consume_1_and_2_with_dataset_expressions to None, run_after=None
[2026-05-17T04:49:56.502+0000] {logging_mixin.py:188} INFO - [2026-05-17T04:49:56.502+0000] {dag.py:3954} INFO - Setting next_dagrun for consume_1_or_2_with_dataset_expressions to None, run_after=None
[2026-05-17T04:49:56.503+0000] {logging_mixin.py:188} INFO - [2026-05-17T04:49:56.503+0000] {dag.py:3954} INFO - Setting next_dagrun for consume_1_or_both_2_and_3_with_dataset_expressions to None, run_after=None
[2026-05-17T04:49:56.504+0000] {logging_mixin.py:188} INFO - [2026-05-17T04:49:56.504+0000] {dag.py:3954} INFO - Setting next_dagrun for dataset_consumes_1 to None, run_after=None
[2026-05-17T04:49:56.504+0000] {logging_mixin.py:188} INFO - [2026-05-17T04:49:56.504+0000] {dag.py:3954} INFO - Setting next_dagrun for dataset_consumes_1_and_2 to None, run_after=None
[2026-05-17T04:49:56.505+0000] {logging_mixin.py:188} INFO - [2026-05-17T04:49:56.505+0000] {dag.py:3954} INFO - Setting next_dagrun for dataset_consumes_1_never_scheduled to None, run_after=None
[2026-05-17T04:49:56.506+0000] {logging_mixin.py:188} INFO - [2026-05-17T04:49:56.506+0000] {dag.py:3954} INFO - Setting next_dagrun for dataset_consumes_unknown_never_scheduled to None, run_after=None
[2026-05-17T04:49:56.507+0000] {logging_mixin.py:188} INFO - [2026-05-17T04:49:56.507+0000] {dag.py:3954} INFO - Setting next_dagrun for dataset_produces_1 to 2026-05-16 00:00:00+00:00, run_after=2026-05-17 00:00:00+00:00
[2026-05-17T04:49:56.508+0000] {logging_mixin.py:188} INFO - [2026-05-17T04:49:56.508+0000] {dag.py:3954} INFO - Setting next_dagrun for dataset_produces_2 to None, run_after=None
[2026-05-17T04:49:56.528+0000] {processor.py:183} INFO - Processing /home/airflow/.local/lib/python3.12/site-packages/airflow/example_dags/example_datasets.py took 0.097 seconds
[2026-05-17T04:50:27.090+0000] {processor.py:161} INFO - Started process (PID=843) to work on /home/airflow/.local/lib/python3.12/site-packages/airflow/example_dags/example_datasets.py
[2026-05-17T04:50:27.091+0000] {processor.py:830} INFO - Processing file /home/airflow/.local/lib/python3.12/site-packages/airflow/example_dags/example_datasets.py for tasks to queue
[2026-05-17T04:50:27.093+0000] {logging_mixin.py:188} INFO - [2026-05-17T04:50:27.093+0000] {dagbag.py:545} INFO - Filling up the DagBag from /home/airflow/.local/lib/python3.12/site-packages/airflow/example_dags/example_datasets.py
[2026-05-17T04:50:27.103+0000] {processor.py:840} INFO - DAG(s) 'conditional_dataset_and_time_based_timetable', 'dataset_consumes_1', 'dataset_produces_2', 'consume_1_or_2_with_dataset_expressions', 'consume_1_or_both_2_and_3_with_dataset_expressions', 'dataset_consumes_unknown_never_scheduled', 'dataset_produces_1', 'dataset_consumes_1_and_2', 'dataset_consumes_1_never_scheduled', 'consume_1_and_2_with_dataset_expressions' retrieved from /home/airflow/.local/lib/python3.12/site-packages/airflow/example_dags/example_datasets.py
[2026-05-17T04:50:27.140+0000] {logging_mixin.py:188} INFO - [2026-05-17T04:50:27.140+0000] {dag.py:3096} INFO - Sync 10 DAGs
[2026-05-17T04:50:27.159+0000] {logging_mixin.py:188} INFO - [2026-05-17T04:50:27.159+0000] {dag.py:3954} INFO - Setting next_dagrun for conditional_dataset_and_time_based_timetable to 2026-05-13 01:00:00+00:00, run_after=2026-05-13 01:00:00+00:00
[2026-05-17T04:50:27.163+0000] {logging_mixin.py:188} INFO - [2026-05-17T04:50:27.162+0000] {dag.py:3954} INFO - Setting next_dagrun for consume_1_and_2_with_dataset_expressions to None, run_after=None
[2026-05-17T04:50:27.164+0000] {logging_mixin.py:188} INFO - [2026-05-17T04:50:27.164+0000] {dag.py:3954} INFO - Setting next_dagrun for consume_1_or_2_with_dataset_expressions to None, run_after=None
[2026-05-17T04:50:27.165+0000] {logging_mixin.py:188} INFO - [2026-05-17T04:50:27.165+0000] {dag.py:3954} INFO - Setting next_dagrun for consume_1_or_both_2_and_3_with_dataset_expressions to None, run_after=None
[2026-05-17T04:50:27.166+0000] {logging_mixin.py:188} INFO - [2026-05-17T04:50:27.165+0000] {dag.py:3954} INFO - Setting next_dagrun for dataset_consumes_1 to None, run_after=None
[2026-05-17T04:50:27.166+0000] {logging_mixin.py:188} INFO - [2026-05-17T04:50:27.166+0000] {dag.py:3954} INFO - Setting next_dagrun for dataset_consumes_1_and_2 to None, run_after=None
[2026-05-17T04:50:27.167+0000] {logging_mixin.py:188} INFO - [2026-05-17T04:50:27.167+0000] {dag.py:3954} INFO - Setting next_dagrun for dataset_consumes_1_never_scheduled to None, run_after=None
[2026-05-17T04:50:27.168+0000] {logging_mixin.py:188} INFO - [2026-05-17T04:50:27.168+0000] {dag.py:3954} INFO - Setting next_dagrun for dataset_consumes_unknown_never_scheduled to None, run_after=None
[2026-05-17T04:50:27.171+0000] {logging_mixin.py:188} INFO - [2026-05-17T04:50:27.171+0000] {dag.py:3954} INFO - Setting next_dagrun for dataset_produces_1 to 2026-05-16 00:00:00+00:00, run_after=2026-05-17 00:00:00+00:00
[2026-05-17T04:50:27.172+0000] {logging_mixin.py:188} INFO - [2026-05-17T04:50:27.172+0000] {dag.py:3954} INFO - Setting next_dagrun for dataset_produces_2 to None, run_after=None
[2026-05-17T04:50:27.199+0000] {processor.py:183} INFO - Processing /home/airflow/.local/lib/python3.12/site-packages/airflow/example_dags/example_datasets.py took 0.114 seconds
[2026-05-17T04:50:57.802+0000] {processor.py:161} INFO - Started process (PID=902) to work on /home/airflow/.local/lib/python3.12/site-packages/airflow/example_dags/example_datasets.py
[2026-05-17T04:50:57.803+0000] {processor.py:830} INFO - Processing file /home/airflow/.local/lib/python3.12/site-packages/airflow/example_dags/example_datasets.py for tasks to queue
[2026-05-17T04:50:57.804+0000] {logging_mixin.py:188} INFO - [2026-05-17T04:50:57.804+0000] {dagbag.py:545} INFO - Filling up the DagBag from /home/airflow/.local/lib/python3.12/site-packages/airflow/example_dags/example_datasets.py
[2026-05-17T04:50:57.813+0000] {processor.py:840} INFO - DAG(s) 'dataset_consumes_1', 'consume_1_or_2_with_dataset_expressions', 'consume_1_or_both_2_and_3_with_dataset_expressions', 'dataset_produces_2', 'dataset_produces_1', 'dataset_consumes_1_and_2', 'conditional_dataset_and_time_based_timetable', 'dataset_consumes_1_never_scheduled', 'consume_1_and_2_with_dataset_expressions', 'dataset_consumes_unknown_never_scheduled' retrieved from /home/airflow/.local/lib/python3.12/site-packages/airflow/example_dags/example_datasets.py
[2026-05-17T04:50:57.840+0000] {logging_mixin.py:188} INFO - [2026-05-17T04:50:57.840+0000] {dag.py:3096} INFO - Sync 10 DAGs
[2026-05-17T04:50:57.856+0000] {logging_mixin.py:188} INFO - [2026-05-17T04:50:57.856+0000] {dag.py:3954} INFO - Setting next_dagrun for conditional_dataset_and_time_based_timetable to 2026-05-13 01:00:00+00:00, run_after=2026-05-13 01:00:00+00:00
[2026-05-17T04:50:57.861+0000] {logging_mixin.py:188} INFO - [2026-05-17T04:50:57.860+0000] {dag.py:3954} INFO - Setting next_dagrun for consume_1_and_2_with_dataset_expressions to None, run_after=None
[2026-05-17T04:50:57.861+0000] {logging_mixin.py:188} INFO - [2026-05-17T04:50:57.861+0000] {dag.py:3954} INFO - Setting next_dagrun for consume_1_or_2_with_dataset_expressions to None, run_after=None
[2026-05-17T04:50:57.862+0000] {logging_mixin.py:188} INFO - [2026-05-17T04:50:57.862+0000] {dag.py:3954} INFO - Setting next_dagrun for consume_1_or_both_2_and_3_with_dataset_expressions to None, run_after=None
[2026-05-17T04:50:57.863+0000] {logging_mixin.py:188} INFO - [2026-05-17T04:50:57.863+0000] {dag.py:3954} INFO - Setting next_dagrun for dataset_consumes_1 to None, run_after=None
[2026-05-17T04:50:57.864+0000] {logging_mixin.py:188} INFO - [2026-05-17T04:50:57.864+0000] {dag.py:3954} INFO - Setting next_dagrun for dataset_consumes_1_and_2 to None, run_after=None
[2026-05-17T04:50:57.865+0000] {logging_mixin.py:188} INFO - [2026-05-17T04:50:57.865+0000] {dag.py:3954} INFO - Setting next_dagrun for dataset_consumes_1_never_scheduled to None, run_after=None
[2026-05-17T04:50:57.866+0000] {logging_mixin.py:188} INFO - [2026-05-17T04:50:57.866+0000] {dag.py:3954} INFO - Setting next_dagrun for dataset_consumes_unknown_never_scheduled to None, run_after=None
[2026-05-17T04:50:57.867+0000] {logging_mixin.py:188} INFO - [2026-05-17T04:50:57.867+0000] {dag.py:3954} INFO - Setting next_dagrun for dataset_produces_1 to 2026-05-16 00:00:00+00:00, run_after=2026-05-17 00:00:00+00:00
[2026-05-17T04:50:57.868+0000] {logging_mixin.py:188} INFO - [2026-05-17T04:50:57.868+0000] {dag.py:3954} INFO - Setting next_dagrun for dataset_produces_2 to None, run_after=None
[2026-05-17T04:50:57.888+0000] {processor.py:183} INFO - Processing /home/airflow/.local/lib/python3.12/site-packages/airflow/example_dags/example_datasets.py took 0.090 seconds
[2026-05-17T04:52:10.207+0000] {processor.py:161} INFO - Started process (PID=70) to work on /home/airflow/.local/lib/python3.12/site-packages/airflow/example_dags/example_datasets.py
[2026-05-17T04:52:10.209+0000] {processor.py:830} INFO - Processing file /home/airflow/.local/lib/python3.12/site-packages/airflow/example_dags/example_datasets.py for tasks to queue
[2026-05-17T04:52:10.212+0000] {logging_mixin.py:188} INFO - [2026-05-17T04:52:10.211+0000] {dagbag.py:545} INFO - Filling up the DagBag from /home/airflow/.local/lib/python3.12/site-packages/airflow/example_dags/example_datasets.py
[2026-05-17T04:52:10.239+0000] {processor.py:840} INFO - DAG(s) 'dataset_consumes_1', 'dataset_consumes_unknown_never_scheduled', 'dataset_produces_1', 'consume_1_or_both_2_and_3_with_dataset_expressions', 'dataset_produces_2', 'dataset_consumes_1_and_2', 'conditional_dataset_and_time_based_timetable', 'dataset_consumes_1_never_scheduled', 'consume_1_or_2_with_dataset_expressions', 'consume_1_and_2_with_dataset_expressions' retrieved from /home/airflow/.local/lib/python3.12/site-packages/airflow/example_dags/example_datasets.py
[2026-05-17T04:52:10.261+0000] {logging_mixin.py:188} INFO - [2026-05-17T04:52:10.261+0000] {dag.py:3096} INFO - Sync 10 DAGs
[2026-05-17T04:52:10.289+0000] {logging_mixin.py:188} INFO - [2026-05-17T04:52:10.289+0000] {dag.py:3954} INFO - Setting next_dagrun for conditional_dataset_and_time_based_timetable to 2026-05-13 01:00:00+00:00, run_after=2026-05-13 01:00:00+00:00
[2026-05-17T04:52:10.294+0000] {logging_mixin.py:188} INFO - [2026-05-17T04:52:10.293+0000] {dag.py:3954} INFO - Setting next_dagrun for consume_1_and_2_with_dataset_expressions to None, run_after=None
[2026-05-17T04:52:10.296+0000] {logging_mixin.py:188} INFO - [2026-05-17T04:52:10.295+0000] {dag.py:3954} INFO - Setting next_dagrun for consume_1_or_2_with_dataset_expressions to None, run_after=None
[2026-05-17T04:52:10.297+0000] {logging_mixin.py:188} INFO - [2026-05-17T04:52:10.297+0000] {dag.py:3954} INFO - Setting next_dagrun for consume_1_or_both_2_and_3_with_dataset_expressions to None, run_after=None
[2026-05-17T04:52:10.298+0000] {logging_mixin.py:188} INFO - [2026-05-17T04:52:10.298+0000] {dag.py:3954} INFO - Setting next_dagrun for dataset_consumes_1 to None, run_after=None
[2026-05-17T04:52:10.299+0000] {logging_mixin.py:188} INFO - [2026-05-17T04:52:10.299+0000] {dag.py:3954} INFO - Setting next_dagrun for dataset_consumes_1_and_2 to None, run_after=None
[2026-05-17T04:52:10.301+0000] {logging_mixin.py:188} INFO - [2026-05-17T04:52:10.301+0000] {dag.py:3954} INFO - Setting next_dagrun for dataset_consumes_1_never_scheduled to None, run_after=None
[2026-05-17T04:52:10.302+0000] {logging_mixin.py:188} INFO - [2026-05-17T04:52:10.302+0000] {dag.py:3954} INFO - Setting next_dagrun for dataset_consumes_unknown_never_scheduled to None, run_after=None
[2026-05-17T04:52:10.304+0000] {logging_mixin.py:188} INFO - [2026-05-17T04:52:10.304+0000] {dag.py:3954} INFO - Setting next_dagrun for dataset_produces_1 to 2026-05-16 00:00:00+00:00, run_after=2026-05-17 00:00:00+00:00
[2026-05-17T04:52:10.306+0000] {logging_mixin.py:188} INFO - [2026-05-17T04:52:10.306+0000] {dag.py:3954} INFO - Setting next_dagrun for dataset_produces_2 to None, run_after=None
[2026-05-17T04:52:10.342+0000] {processor.py:183} INFO - Processing /home/airflow/.local/lib/python3.12/site-packages/airflow/example_dags/example_datasets.py took 0.143 seconds
[2026-05-17T04:52:40.859+0000] {processor.py:161} INFO - Started process (PID=129) to work on /home/airflow/.local/lib/python3.12/site-packages/airflow/example_dags/example_datasets.py
[2026-05-17T04:52:40.860+0000] {processor.py:830} INFO - Processing file /home/airflow/.local/lib/python3.12/site-packages/airflow/example_dags/example_datasets.py for tasks to queue
[2026-05-17T04:52:40.862+0000] {logging_mixin.py:188} INFO - [2026-05-17T04:52:40.861+0000] {dagbag.py:545} INFO - Filling up the DagBag from /home/airflow/.local/lib/python3.12/site-packages/airflow/example_dags/example_datasets.py
[2026-05-17T04:52:40.871+0000] {processor.py:840} INFO - DAG(s) 'conditional_dataset_and_time_based_timetable', 'dataset_consumes_1', 'dataset_produces_2', 'dataset_consumes_unknown_never_scheduled', 'consume_1_and_2_with_dataset_expressions', 'dataset_consumes_1_never_scheduled', 'dataset_produces_1', 'consume_1_or_both_2_and_3_with_dataset_expressions', 'dataset_consumes_1_and_2', 'consume_1_or_2_with_dataset_expressions' retrieved from /home/airflow/.local/lib/python3.12/site-packages/airflow/example_dags/example_datasets.py
[2026-05-17T04:52:41.003+0000] {logging_mixin.py:188} INFO - [2026-05-17T04:52:41.003+0000] {dag.py:3096} INFO - Sync 10 DAGs
[2026-05-17T04:52:41.018+0000] {logging_mixin.py:188} INFO - [2026-05-17T04:52:41.018+0000] {dag.py:3954} INFO - Setting next_dagrun for conditional_dataset_and_time_based_timetable to 2026-05-13 01:00:00+00:00, run_after=2026-05-13 01:00:00+00:00
[2026-05-17T04:52:41.021+0000] {logging_mixin.py:188} INFO - [2026-05-17T04:52:41.021+0000] {dag.py:3954} INFO - Setting next_dagrun for consume_1_and_2_with_dataset_expressions to None, run_after=None
[2026-05-17T04:52:41.023+0000] {logging_mixin.py:188} INFO - [2026-05-17T04:52:41.023+0000] {dag.py:3954} INFO - Setting next_dagrun for consume_1_or_2_with_dataset_expressions to None, run_after=None
[2026-05-17T04:52:41.024+0000] {logging_mixin.py:188} INFO - [2026-05-17T04:52:41.024+0000] {dag.py:3954} INFO - Setting next_dagrun for consume_1_or_both_2_and_3_with_dataset_expressions to None, run_after=None
[2026-05-17T04:52:41.025+0000] {logging_mixin.py:188} INFO - [2026-05-17T04:52:41.025+0000] {dag.py:3954} INFO - Setting next_dagrun for dataset_consumes_1 to None, run_after=None
[2026-05-17T04:52:41.026+0000] {logging_mixin.py:188} INFO - [2026-05-17T04:52:41.026+0000] {dag.py:3954} INFO - Setting next_dagrun for dataset_consumes_1_and_2 to None, run_after=None
[2026-05-17T04:52:41.028+0000] {logging_mixin.py:188} INFO - [2026-05-17T04:52:41.027+0000] {dag.py:3954} INFO - Setting next_dagrun for dataset_consumes_1_never_scheduled to None, run_after=None
[2026-05-17T04:52:41.028+0000] {logging_mixin.py:188} INFO - [2026-05-17T04:52:41.028+0000] {dag.py:3954} INFO - Setting next_dagrun for dataset_consumes_unknown_never_scheduled to None, run_after=None
[2026-05-17T04:52:41.030+0000] {logging_mixin.py:188} INFO - [2026-05-17T04:52:41.030+0000] {dag.py:3954} INFO - Setting next_dagrun for dataset_produces_1 to 2026-05-16 00:00:00+00:00, run_after=2026-05-17 00:00:00+00:00
[2026-05-17T04:52:41.031+0000] {logging_mixin.py:188} INFO - [2026-05-17T04:52:41.031+0000] {dag.py:3954} INFO - Setting next_dagrun for dataset_produces_2 to None, run_after=None
[2026-05-17T04:52:41.069+0000] {processor.py:183} INFO - Processing /home/airflow/.local/lib/python3.12/site-packages/airflow/example_dags/example_datasets.py took 0.214 seconds
[2026-05-17T04:53:11.107+0000] {processor.py:161} INFO - Started process (PID=188) to work on /home/airflow/.local/lib/python3.12/site-packages/airflow/example_dags/example_datasets.py
[2026-05-17T04:53:11.108+0000] {processor.py:830} INFO - Processing file /home/airflow/.local/lib/python3.12/site-packages/airflow/example_dags/example_datasets.py for tasks to queue
[2026-05-17T04:53:11.110+0000] {logging_mixin.py:188} INFO - [2026-05-17T04:53:11.109+0000] {dagbag.py:545} INFO - Filling up the DagBag from /home/airflow/.local/lib/python3.12/site-packages/airflow/example_dags/example_datasets.py
[2026-05-17T04:53:11.120+0000] {processor.py:840} INFO - DAG(s) 'conditional_dataset_and_time_based_timetable', 'consume_1_or_both_2_and_3_with_dataset_expressions', 'dataset_consumes_1', 'consume_1_and_2_with_dataset_expressions', 'consume_1_or_2_with_dataset_expressions', 'dataset_consumes_1_and_2', 'dataset_produces_1', 'dataset_produces_2', 'dataset_consumes_1_never_scheduled', 'dataset_consumes_unknown_never_scheduled' retrieved from /home/airflow/.local/lib/python3.12/site-packages/airflow/example_dags/example_datasets.py
[2026-05-17T04:53:11.157+0000] {logging_mixin.py:188} INFO - [2026-05-17T04:53:11.156+0000] {dag.py:3096} INFO - Sync 10 DAGs
[2026-05-17T04:53:11.178+0000] {logging_mixin.py:188} INFO - [2026-05-17T04:53:11.177+0000] {dag.py:3954} INFO - Setting next_dagrun for conditional_dataset_and_time_based_timetable to 2026-05-13 01:00:00+00:00, run_after=2026-05-13 01:00:00+00:00
[2026-05-17T04:53:11.184+0000] {logging_mixin.py:188} INFO - [2026-05-17T04:53:11.184+0000] {dag.py:3954} INFO - Setting next_dagrun for consume_1_and_2_with_dataset_expressions to None, run_after=None
[2026-05-17T04:53:11.186+0000] {logging_mixin.py:188} INFO - [2026-05-17T04:53:11.186+0000] {dag.py:3954} INFO - Setting next_dagrun for consume_1_or_2_with_dataset_expressions to None, run_after=None
[2026-05-17T04:53:11.187+0000] {logging_mixin.py:188} INFO - [2026-05-17T04:53:11.187+0000] {dag.py:3954} INFO - Setting next_dagrun for consume_1_or_both_2_and_3_with_dataset_expressions to None, run_after=None
[2026-05-17T04:53:11.188+0000] {logging_mixin.py:188} INFO - [2026-05-17T04:53:11.188+0000] {dag.py:3954} INFO - Setting next_dagrun for dataset_consumes_1 to None, run_after=None
[2026-05-17T04:53:11.189+0000] {logging_mixin.py:188} INFO - [2026-05-17T04:53:11.189+0000] {dag.py:3954} INFO - Setting next_dagrun for dataset_consumes_1_and_2 to None, run_after=None
[2026-05-17T04:53:11.190+0000] {logging_mixin.py:188} INFO - [2026-05-17T04:53:11.190+0000] {dag.py:3954} INFO - Setting next_dagrun for dataset_consumes_1_never_scheduled to None, run_after=None
[2026-05-17T04:53:11.191+0000] {logging_mixin.py:188} INFO - [2026-05-17T04:53:11.191+0000] {dag.py:3954} INFO - Setting next_dagrun for dataset_consumes_unknown_never_scheduled to None, run_after=None
[2026-05-17T04:53:11.193+0000] {logging_mixin.py:188} INFO - [2026-05-17T04:53:11.193+0000] {dag.py:3954} INFO - Setting next_dagrun for dataset_produces_1 to 2026-05-16 00:00:00+00:00, run_after=2026-05-17 00:00:00+00:00
[2026-05-17T04:53:11.194+0000] {logging_mixin.py:188} INFO - [2026-05-17T04:53:11.194+0000] {dag.py:3954} INFO - Setting next_dagrun for dataset_produces_2 to None, run_after=None
[2026-05-17T04:53:11.219+0000] {processor.py:183} INFO - Processing /home/airflow/.local/lib/python3.12/site-packages/airflow/example_dags/example_datasets.py took 0.117 seconds
[2026-05-17T04:53:41.304+0000] {processor.py:161} INFO - Started process (PID=247) to work on /home/airflow/.local/lib/python3.12/site-packages/airflow/example_dags/example_datasets.py
[2026-05-17T04:53:41.305+0000] {processor.py:830} INFO - Processing file /home/airflow/.local/lib/python3.12/site-packages/airflow/example_dags/example_datasets.py for tasks to queue
[2026-05-17T04:53:41.308+0000] {logging_mixin.py:188} INFO - [2026-05-17T04:53:41.307+0000] {dagbag.py:545} INFO - Filling up the DagBag from /home/airflow/.local/lib/python3.12/site-packages/airflow/example_dags/example_datasets.py
[2026-05-17T04:53:41.319+0000] {processor.py:840} INFO - DAG(s) 'dataset_consumes_1_never_scheduled', 'dataset_produces_1', 'dataset_consumes_unknown_never_scheduled', 'dataset_consumes_1', 'dataset_produces_2', 'consume_1_and_2_with_dataset_expressions', 'consume_1_or_both_2_and_3_with_dataset_expressions', 'consume_1_or_2_with_dataset_expressions', 'dataset_consumes_1_and_2', 'conditional_dataset_and_time_based_timetable' retrieved from /home/airflow/.local/lib/python3.12/site-packages/airflow/example_dags/example_datasets.py
[2026-05-17T04:53:41.359+0000] {logging_mixin.py:188} INFO - [2026-05-17T04:53:41.359+0000] {dag.py:3096} INFO - Sync 10 DAGs
[2026-05-17T04:53:41.380+0000] {logging_mixin.py:188} INFO - [2026-05-17T04:53:41.379+0000] {dag.py:3954} INFO - Setting next_dagrun for conditional_dataset_and_time_based_timetable to 2026-05-13 01:00:00+00:00, run_after=2026-05-13 01:00:00+00:00
[2026-05-17T04:53:41.385+0000] {logging_mixin.py:188} INFO - [2026-05-17T04:53:41.385+0000] {dag.py:3954} INFO - Setting next_dagrun for consume_1_and_2_with_dataset_expressions to None, run_after=None
[2026-05-17T04:53:41.386+0000] {logging_mixin.py:188} INFO - [2026-05-17T04:53:41.386+0000] {dag.py:3954} INFO - Setting next_dagrun for consume_1_or_2_with_dataset_expressions to None, run_after=None
[2026-05-17T04:53:41.388+0000] {logging_mixin.py:188} INFO - [2026-05-17T04:53:41.387+0000] {dag.py:3954} INFO - Setting next_dagrun for consume_1_or_both_2_and_3_with_dataset_expressions to None, run_after=None
[2026-05-17T04:53:41.389+0000] {logging_mixin.py:188} INFO - [2026-05-17T04:53:41.389+0000] {dag.py:3954} INFO - Setting next_dagrun for dataset_consumes_1 to None, run_after=None
[2026-05-17T04:53:41.391+0000] {logging_mixin.py:188} INFO - [2026-05-17T04:53:41.391+0000] {dag.py:3954} INFO - Setting next_dagrun for dataset_consumes_1_and_2 to None, run_after=None
[2026-05-17T04:53:41.393+0000] {logging_mixin.py:188} INFO - [2026-05-17T04:53:41.393+0000] {dag.py:3954} INFO - Setting next_dagrun for dataset_consumes_1_never_scheduled to None, run_after=None
[2026-05-17T04:53:41.394+0000] {logging_mixin.py:188} INFO - [2026-05-17T04:53:41.394+0000] {dag.py:3954} INFO - Setting next_dagrun for dataset_consumes_unknown_never_scheduled to None, run_after=None
[2026-05-17T04:53:41.397+0000] {logging_mixin.py:188} INFO - [2026-05-17T04:53:41.397+0000] {dag.py:3954} INFO - Setting next_dagrun for dataset_produces_1 to 2026-05-16 00:00:00+00:00, run_after=2026-05-17 00:00:00+00:00
[2026-05-17T04:53:41.398+0000] {logging_mixin.py:188} INFO - [2026-05-17T04:53:41.398+0000] {dag.py:3954} INFO - Setting next_dagrun for dataset_produces_2 to None, run_after=None
[2026-05-17T04:53:41.435+0000] {processor.py:183} INFO - Processing /home/airflow/.local/lib/python3.12/site-packages/airflow/example_dags/example_datasets.py took 0.137 seconds
[2026-05-17T04:54:11.666+0000] {processor.py:161} INFO - Started process (PID=306) to work on /home/airflow/.local/lib/python3.12/site-packages/airflow/example_dags/example_datasets.py
[2026-05-17T04:54:11.667+0000] {processor.py:830} INFO - Processing file /home/airflow/.local/lib/python3.12/site-packages/airflow/example_dags/example_datasets.py for tasks to queue
[2026-05-17T04:54:11.669+0000] {logging_mixin.py:188} INFO - [2026-05-17T04:54:11.669+0000] {dagbag.py:545} INFO - Filling up the DagBag from /home/airflow/.local/lib/python3.12/site-packages/airflow/example_dags/example_datasets.py
[2026-05-17T04:54:11.683+0000] {processor.py:840} INFO - DAG(s) 'consume_1_or_2_with_dataset_expressions', 'conditional_dataset_and_time_based_timetable', 'consume_1_or_both_2_and_3_with_dataset_expressions', 'dataset_consumes_1', 'dataset_consumes_1_never_scheduled', 'dataset_produces_1', 'consume_1_and_2_with_dataset_expressions', 'dataset_produces_2', 'dataset_consumes_1_and_2', 'dataset_consumes_unknown_never_scheduled' retrieved from /home/airflow/.local/lib/python3.12/site-packages/airflow/example_dags/example_datasets.py
[2026-05-17T04:54:11.725+0000] {logging_mixin.py:188} INFO - [2026-05-17T04:54:11.725+0000] {dag.py:3096} INFO - Sync 10 DAGs
[2026-05-17T04:54:11.752+0000] {logging_mixin.py:188} INFO - [2026-05-17T04:54:11.752+0000] {dag.py:3954} INFO - Setting next_dagrun for conditional_dataset_and_time_based_timetable to 2026-05-13 01:00:00+00:00, run_after=2026-05-13 01:00:00+00:00
[2026-05-17T04:54:11.757+0000] {logging_mixin.py:188} INFO - [2026-05-17T04:54:11.756+0000] {dag.py:3954} INFO - Setting next_dagrun for consume_1_and_2_with_dataset_expressions to None, run_after=None
[2026-05-17T04:54:11.760+0000] {logging_mixin.py:188} INFO - [2026-05-17T04:54:11.759+0000] {dag.py:3954} INFO - Setting next_dagrun for consume_1_or_2_with_dataset_expressions to None, run_after=None
[2026-05-17T04:54:11.762+0000] {logging_mixin.py:188} INFO - [2026-05-17T04:54:11.761+0000] {dag.py:3954} INFO - Setting next_dagrun for consume_1_or_both_2_and_3_with_dataset_expressions to None, run_after=None
[2026-05-17T04:54:11.763+0000] {logging_mixin.py:188} INFO - [2026-05-17T04:54:11.763+0000] {dag.py:3954} INFO - Setting next_dagrun for dataset_consumes_1 to None, run_after=None
[2026-05-17T04:54:11.765+0000] {logging_mixin.py:188} INFO - [2026-05-17T04:54:11.764+0000] {dag.py:3954} INFO - Setting next_dagrun for dataset_consumes_1_and_2 to None, run_after=None
[2026-05-17T04:54:11.766+0000] {logging_mixin.py:188} INFO - [2026-05-17T04:54:11.766+0000] {dag.py:3954} INFO - Setting next_dagrun for dataset_consumes_1_never_scheduled to None, run_after=None
[2026-05-17T04:54:11.767+0000] {logging_mixin.py:188} INFO - [2026-05-17T04:54:11.767+0000] {dag.py:3954} INFO - Setting next_dagrun for dataset_consumes_unknown_never_scheduled to None, run_after=None
[2026-05-17T04:54:11.769+0000] {logging_mixin.py:188} INFO - [2026-05-17T04:54:11.769+0000] {dag.py:3954} INFO - Setting next_dagrun for dataset_produces_1 to 2026-05-16 00:00:00+00:00, run_after=2026-05-17 00:00:00+00:00
[2026-05-17T04:54:11.770+0000] {logging_mixin.py:188} INFO - [2026-05-17T04:54:11.770+0000] {dag.py:3954} INFO - Setting next_dagrun for dataset_produces_2 to None, run_after=None
[2026-05-17T04:54:11.810+0000] {processor.py:183} INFO - Processing /home/airflow/.local/lib/python3.12/site-packages/airflow/example_dags/example_datasets.py took 0.151 seconds
[2026-05-17T04:54:41.942+0000] {processor.py:161} INFO - Started process (PID=366) to work on /home/airflow/.local/lib/python3.12/site-packages/airflow/example_dags/example_datasets.py
[2026-05-17T04:54:41.945+0000] {processor.py:830} INFO - Processing file /home/airflow/.local/lib/python3.12/site-packages/airflow/example_dags/example_datasets.py for tasks to queue
[2026-05-17T04:54:41.949+0000] {logging_mixin.py:188} INFO - [2026-05-17T04:54:41.948+0000] {dagbag.py:545} INFO - Filling up the DagBag from /home/airflow/.local/lib/python3.12/site-packages/airflow/example_dags/example_datasets.py
[2026-05-17T04:54:41.960+0000] {processor.py:840} INFO - DAG(s) 'consume_1_or_both_2_and_3_with_dataset_expressions', 'dataset_produces_1', 'dataset_consumes_1_never_scheduled', 'consume_1_or_2_with_dataset_expressions', 'dataset_consumes_unknown_never_scheduled', 'dataset_consumes_1', 'dataset_consumes_1_and_2', 'conditional_dataset_and_time_based_timetable', 'dataset_produces_2', 'consume_1_and_2_with_dataset_expressions' retrieved from /home/airflow/.local/lib/python3.12/site-packages/airflow/example_dags/example_datasets.py
[2026-05-17T04:54:42.010+0000] {logging_mixin.py:188} INFO - [2026-05-17T04:54:42.010+0000] {dag.py:3096} INFO - Sync 10 DAGs
[2026-05-17T04:54:42.031+0000] {logging_mixin.py:188} INFO - [2026-05-17T04:54:42.030+0000] {dag.py:3954} INFO - Setting next_dagrun for conditional_dataset_and_time_based_timetable to 2026-05-13 01:00:00+00:00, run_after=2026-05-13 01:00:00+00:00
[2026-05-17T04:54:42.034+0000] {logging_mixin.py:188} INFO - [2026-05-17T04:54:42.034+0000] {dag.py:3954} INFO - Setting next_dagrun for consume_1_and_2_with_dataset_expressions to None, run_after=None
[2026-05-17T04:54:42.037+0000] {logging_mixin.py:188} INFO - [2026-05-17T04:54:42.037+0000] {dag.py:3954} INFO - Setting next_dagrun for consume_1_or_2_with_dataset_expressions to None, run_after=None
[2026-05-17T04:54:42.038+0000] {logging_mixin.py:188} INFO - [2026-05-17T04:54:42.038+0000] {dag.py:3954} INFO - Setting next_dagrun for consume_1_or_both_2_and_3_with_dataset_expressions to None, run_after=None
[2026-05-17T04:54:42.040+0000] {logging_mixin.py:188} INFO - [2026-05-17T04:54:42.039+0000] {dag.py:3954} INFO - Setting next_dagrun for dataset_consumes_1 to None, run_after=None
[2026-05-17T04:54:42.041+0000] {logging_mixin.py:188} INFO - [2026-05-17T04:54:42.041+0000] {dag.py:3954} INFO - Setting next_dagrun for dataset_consumes_1_and_2 to None, run_after=None
[2026-05-17T04:54:42.042+0000] {logging_mixin.py:188} INFO - [2026-05-17T04:54:42.042+0000] {dag.py:3954} INFO - Setting next_dagrun for dataset_consumes_1_never_scheduled to None, run_after=None
[2026-05-17T04:54:42.043+0000] {logging_mixin.py:188} INFO - [2026-05-17T04:54:42.043+0000] {dag.py:3954} INFO - Setting next_dagrun for dataset_consumes_unknown_never_scheduled to None, run_after=None
[2026-05-17T04:54:42.045+0000] {logging_mixin.py:188} INFO - [2026-05-17T04:54:42.044+0000] {dag.py:3954} INFO - Setting next_dagrun for dataset_produces_1 to 2026-05-16 00:00:00+00:00, run_after=2026-05-17 00:00:00+00:00
[2026-05-17T04:54:42.045+0000] {logging_mixin.py:188} INFO - [2026-05-17T04:54:42.045+0000] {dag.py:3954} INFO - Setting next_dagrun for dataset_produces_2 to None, run_after=None
[2026-05-17T04:54:42.088+0000] {processor.py:183} INFO - Processing /home/airflow/.local/lib/python3.12/site-packages/airflow/example_dags/example_datasets.py took 0.152 seconds
[2026-05-17T04:55:12.202+0000] {processor.py:161} INFO - Started process (PID=425) to work on /home/airflow/.local/lib/python3.12/site-packages/airflow/example_dags/example_datasets.py
[2026-05-17T04:55:12.203+0000] {processor.py:830} INFO - Processing file /home/airflow/.local/lib/python3.12/site-packages/airflow/example_dags/example_datasets.py for tasks to queue
[2026-05-17T04:55:12.204+0000] {logging_mixin.py:188} INFO - [2026-05-17T04:55:12.204+0000] {dagbag.py:545} INFO - Filling up the DagBag from /home/airflow/.local/lib/python3.12/site-packages/airflow/example_dags/example_datasets.py
[2026-05-17T04:55:12.213+0000] {processor.py:840} INFO - DAG(s) 'dataset_consumes_1_never_scheduled', 'dataset_produces_2', 'consume_1_or_both_2_and_3_with_dataset_expressions', 'conditional_dataset_and_time_based_timetable', 'dataset_consumes_unknown_never_scheduled', 'dataset_produces_1', 'consume_1_or_2_with_dataset_expressions', 'dataset_consumes_1', 'dataset_consumes_1_and_2', 'consume_1_and_2_with_dataset_expressions' retrieved from /home/airflow/.local/lib/python3.12/site-packages/airflow/example_dags/example_datasets.py
[2026-05-17T04:55:12.261+0000] {logging_mixin.py:188} INFO - [2026-05-17T04:55:12.261+0000] {dag.py:3096} INFO - Sync 10 DAGs
[2026-05-17T04:55:12.280+0000] {logging_mixin.py:188} INFO - [2026-05-17T04:55:12.280+0000] {dag.py:3954} INFO - Setting next_dagrun for conditional_dataset_and_time_based_timetable to 2026-05-13 01:00:00+00:00, run_after=2026-05-13 01:00:00+00:00
[2026-05-17T04:55:12.285+0000] {logging_mixin.py:188} INFO - [2026-05-17T04:55:12.285+0000] {dag.py:3954} INFO - Setting next_dagrun for consume_1_and_2_with_dataset_expressions to None, run_after=None
[2026-05-17T04:55:12.287+0000] {logging_mixin.py:188} INFO - [2026-05-17T04:55:12.287+0000] {dag.py:3954} INFO - Setting next_dagrun for consume_1_or_2_with_dataset_expressions to None, run_after=None
[2026-05-17T04:55:12.290+0000] {logging_mixin.py:188} INFO - [2026-05-17T04:55:12.290+0000] {dag.py:3954} INFO - Setting next_dagrun for consume_1_or_both_2_and_3_with_dataset_expressions to None, run_after=None
[2026-05-17T04:55:12.295+0000] {logging_mixin.py:188} INFO - [2026-05-17T04:55:12.295+0000] {dag.py:3954} INFO - Setting next_dagrun for dataset_consumes_1 to None, run_after=None
[2026-05-17T04:55:12.296+0000] {logging_mixin.py:188} INFO - [2026-05-17T04:55:12.296+0000] {dag.py:3954} INFO - Setting next_dagrun for dataset_consumes_1_and_2 to None, run_after=None
[2026-05-17T04:55:12.297+0000] {logging_mixin.py:188} INFO - [2026-05-17T04:55:12.297+0000] {dag.py:3954} INFO - Setting next_dagrun for dataset_consumes_1_never_scheduled to None, run_after=None
[2026-05-17T04:55:12.298+0000] {logging_mixin.py:188} INFO - [2026-05-17T04:55:12.298+0000] {dag.py:3954} INFO - Setting next_dagrun for dataset_consumes_unknown_never_scheduled to None, run_after=None
[2026-05-17T04:55:12.300+0000] {logging_mixin.py:188} INFO - [2026-05-17T04:55:12.300+0000] {dag.py:3954} INFO - Setting next_dagrun for dataset_produces_1 to 2026-05-16 00:00:00+00:00, run_after=2026-05-17 00:00:00+00:00
[2026-05-17T04:55:12.301+0000] {logging_mixin.py:188} INFO - [2026-05-17T04:55:12.301+0000] {dag.py:3954} INFO - Setting next_dagrun for dataset_produces_2 to None, run_after=None
[2026-05-17T04:55:12.338+0000] {processor.py:183} INFO - Processing /home/airflow/.local/lib/python3.12/site-packages/airflow/example_dags/example_datasets.py took 0.140 seconds
[2026-05-17T04:55:42.493+0000] {processor.py:161} INFO - Started process (PID=484) to work on /home/airflow/.local/lib/python3.12/site-packages/airflow/example_dags/example_datasets.py
[2026-05-17T04:55:42.494+0000] {processor.py:830} INFO - Processing file /home/airflow/.local/lib/python3.12/site-packages/airflow/example_dags/example_datasets.py for tasks to queue
[2026-05-17T04:55:42.495+0000] {logging_mixin.py:188} INFO - [2026-05-17T04:55:42.495+0000] {dagbag.py:545} INFO - Filling up the DagBag from /home/airflow/.local/lib/python3.12/site-packages/airflow/example_dags/example_datasets.py
[2026-05-17T04:55:42.511+0000] {processor.py:840} INFO - DAG(s) 'dataset_consumes_1_and_2', 'consume_1_and_2_with_dataset_expressions', 'dataset_consumes_unknown_never_scheduled', 'dataset_consumes_1', 'dataset_produces_1', 'consume_1_or_2_with_dataset_expressions', 'consume_1_or_both_2_and_3_with_dataset_expressions', 'dataset_consumes_1_never_scheduled', 'dataset_produces_2', 'conditional_dataset_and_time_based_timetable' retrieved from /home/airflow/.local/lib/python3.12/site-packages/airflow/example_dags/example_datasets.py
[2026-05-17T04:55:42.575+0000] {logging_mixin.py:188} INFO - [2026-05-17T04:55:42.575+0000] {dag.py:3096} INFO - Sync 10 DAGs
[2026-05-17T04:55:42.595+0000] {logging_mixin.py:188} INFO - [2026-05-17T04:55:42.595+0000] {dag.py:3954} INFO - Setting next_dagrun for conditional_dataset_and_time_based_timetable to 2026-05-13 01:00:00+00:00, run_after=2026-05-13 01:00:00+00:00
[2026-05-17T04:55:42.600+0000] {logging_mixin.py:188} INFO - [2026-05-17T04:55:42.600+0000] {dag.py:3954} INFO - Setting next_dagrun for consume_1_and_2_with_dataset_expressions to None, run_after=None
[2026-05-17T04:55:42.601+0000] {logging_mixin.py:188} INFO - [2026-05-17T04:55:42.601+0000] {dag.py:3954} INFO - Setting next_dagrun for consume_1_or_2_with_dataset_expressions to None, run_after=None
[2026-05-17T04:55:42.603+0000] {logging_mixin.py:188} INFO - [2026-05-17T04:55:42.603+0000] {dag.py:3954} INFO - Setting next_dagrun for consume_1_or_both_2_and_3_with_dataset_expressions to None, run_after=None
[2026-05-17T04:55:42.604+0000] {logging_mixin.py:188} INFO - [2026-05-17T04:55:42.604+0000] {dag.py:3954} INFO - Setting next_dagrun for dataset_consumes_1 to None, run_after=None
[2026-05-17T04:55:42.605+0000] {logging_mixin.py:188} INFO - [2026-05-17T04:55:42.605+0000] {dag.py:3954} INFO - Setting next_dagrun for dataset_consumes_1_and_2 to None, run_after=None
[2026-05-17T04:55:42.606+0000] {logging_mixin.py:188} INFO - [2026-05-17T04:55:42.606+0000] {dag.py:3954} INFO - Setting next_dagrun for dataset_consumes_1_never_scheduled to None, run_after=None
[2026-05-17T04:55:42.607+0000] {logging_mixin.py:188} INFO - [2026-05-17T04:55:42.607+0000] {dag.py:3954} INFO - Setting next_dagrun for dataset_consumes_unknown_never_scheduled to None, run_after=None
[2026-05-17T04:55:42.609+0000] {logging_mixin.py:188} INFO - [2026-05-17T04:55:42.609+0000] {dag.py:3954} INFO - Setting next_dagrun for dataset_produces_1 to 2026-05-16 00:00:00+00:00, run_after=2026-05-17 00:00:00+00:00
[2026-05-17T04:55:42.610+0000] {logging_mixin.py:188} INFO - [2026-05-17T04:55:42.610+0000] {dag.py:3954} INFO - Setting next_dagrun for dataset_produces_2 to None, run_after=None
[2026-05-17T04:55:42.655+0000] {processor.py:183} INFO - Processing /home/airflow/.local/lib/python3.12/site-packages/airflow/example_dags/example_datasets.py took 0.167 seconds
[2026-05-17T04:56:12.910+0000] {processor.py:161} INFO - Started process (PID=543) to work on /home/airflow/.local/lib/python3.12/site-packages/airflow/example_dags/example_datasets.py
[2026-05-17T04:56:12.912+0000] {processor.py:830} INFO - Processing file /home/airflow/.local/lib/python3.12/site-packages/airflow/example_dags/example_datasets.py for tasks to queue
[2026-05-17T04:56:12.916+0000] {logging_mixin.py:188} INFO - [2026-05-17T04:56:12.915+0000] {dagbag.py:545} INFO - Filling up the DagBag from /home/airflow/.local/lib/python3.12/site-packages/airflow/example_dags/example_datasets.py
[2026-05-17T04:56:12.936+0000] {processor.py:840} INFO - DAG(s) 'dataset_consumes_1', 'dataset_consumes_1_never_scheduled', 'consume_1_or_both_2_and_3_with_dataset_expressions', 'consume_1_and_2_with_dataset_expressions', 'conditional_dataset_and_time_based_timetable', 'dataset_consumes_1_and_2', 'dataset_produces_2', 'dataset_consumes_unknown_never_scheduled', 'dataset_produces_1', 'consume_1_or_2_with_dataset_expressions' retrieved from /home/airflow/.local/lib/python3.12/site-packages/airflow/example_dags/example_datasets.py
[2026-05-17T04:56:12.989+0000] {logging_mixin.py:188} INFO - [2026-05-17T04:56:12.988+0000] {dag.py:3096} INFO - Sync 10 DAGs
[2026-05-17T04:56:13.018+0000] {logging_mixin.py:188} INFO - [2026-05-17T04:56:13.018+0000] {dag.py:3954} INFO - Setting next_dagrun for conditional_dataset_and_time_based_timetable to 2026-05-13 01:00:00+00:00, run_after=2026-05-13 01:00:00+00:00
[2026-05-17T04:56:13.022+0000] {logging_mixin.py:188} INFO - [2026-05-17T04:56:13.022+0000] {dag.py:3954} INFO - Setting next_dagrun for consume_1_and_2_with_dataset_expressions to None, run_after=None
[2026-05-17T04:56:13.024+0000] {logging_mixin.py:188} INFO - [2026-05-17T04:56:13.024+0000] {dag.py:3954} INFO - Setting next_dagrun for consume_1_or_2_with_dataset_expressions to None, run_after=None
[2026-05-17T04:56:13.026+0000] {logging_mixin.py:188} INFO - [2026-05-17T04:56:13.026+0000] {dag.py:3954} INFO - Setting next_dagrun for consume_1_or_both_2_and_3_with_dataset_expressions to None, run_after=None
[2026-05-17T04:56:13.028+0000] {logging_mixin.py:188} INFO - [2026-05-17T04:56:13.027+0000] {dag.py:3954} INFO - Setting next_dagrun for dataset_consumes_1 to None, run_after=None
[2026-05-17T04:56:13.030+0000] {logging_mixin.py:188} INFO - [2026-05-17T04:56:13.030+0000] {dag.py:3954} INFO - Setting next_dagrun for dataset_consumes_1_and_2 to None, run_after=None
[2026-05-17T04:56:13.032+0000] {logging_mixin.py:188} INFO - [2026-05-17T04:56:13.031+0000] {dag.py:3954} INFO - Setting next_dagrun for dataset_consumes_1_never_scheduled to None, run_after=None
[2026-05-17T04:56:13.034+0000] {logging_mixin.py:188} INFO - [2026-05-17T04:56:13.033+0000] {dag.py:3954} INFO - Setting next_dagrun for dataset_consumes_unknown_never_scheduled to None, run_after=None
[2026-05-17T04:56:13.036+0000] {logging_mixin.py:188} INFO - [2026-05-17T04:56:13.036+0000] {dag.py:3954} INFO - Setting next_dagrun for dataset_produces_1 to 2026-05-16 00:00:00+00:00, run_after=2026-05-17 00:00:00+00:00
[2026-05-17T04:56:13.038+0000] {logging_mixin.py:188} INFO - [2026-05-17T04:56:13.038+0000] {dag.py:3954} INFO - Setting next_dagrun for dataset_produces_2 to None, run_after=None
[2026-05-17T04:56:13.077+0000] {processor.py:183} INFO - Processing /home/airflow/.local/lib/python3.12/site-packages/airflow/example_dags/example_datasets.py took 0.181 seconds
[2026-05-17T04:56:44.172+0000] {processor.py:161} INFO - Started process (PID=607) to work on /home/airflow/.local/lib/python3.12/site-packages/airflow/example_dags/example_datasets.py
[2026-05-17T04:56:44.174+0000] {processor.py:830} INFO - Processing file /home/airflow/.local/lib/python3.12/site-packages/airflow/example_dags/example_datasets.py for tasks to queue
[2026-05-17T04:56:44.176+0000] {logging_mixin.py:188} INFO - [2026-05-17T04:56:44.175+0000] {dagbag.py:545} INFO - Filling up the DagBag from /home/airflow/.local/lib/python3.12/site-packages/airflow/example_dags/example_datasets.py
[2026-05-17T04:56:44.191+0000] {processor.py:840} INFO - DAG(s) 'dataset_consumes_unknown_never_scheduled', 'consume_1_and_2_with_dataset_expressions', 'dataset_produces_2', 'dataset_consumes_1', 'dataset_consumes_1_and_2', 'dataset_consumes_1_never_scheduled', 'consume_1_or_both_2_and_3_with_dataset_expressions', 'dataset_produces_1', 'consume_1_or_2_with_dataset_expressions', 'conditional_dataset_and_time_based_timetable' retrieved from /home/airflow/.local/lib/python3.12/site-packages/airflow/example_dags/example_datasets.py
[2026-05-17T04:56:44.246+0000] {logging_mixin.py:188} INFO - [2026-05-17T04:56:44.246+0000] {dag.py:3096} INFO - Sync 10 DAGs
[2026-05-17T04:56:44.270+0000] {logging_mixin.py:188} INFO - [2026-05-17T04:56:44.270+0000] {dag.py:3954} INFO - Setting next_dagrun for conditional_dataset_and_time_based_timetable to 2026-05-13 01:00:00+00:00, run_after=2026-05-13 01:00:00+00:00
[2026-05-17T04:56:44.275+0000] {logging_mixin.py:188} INFO - [2026-05-17T04:56:44.275+0000] {dag.py:3954} INFO - Setting next_dagrun for consume_1_and_2_with_dataset_expressions to None, run_after=None
[2026-05-17T04:56:44.278+0000] {logging_mixin.py:188} INFO - [2026-05-17T04:56:44.277+0000] {dag.py:3954} INFO - Setting next_dagrun for consume_1_or_2_with_dataset_expressions to None, run_after=None
[2026-05-17T04:56:44.279+0000] {logging_mixin.py:188} INFO - [2026-05-17T04:56:44.279+0000] {dag.py:3954} INFO - Setting next_dagrun for consume_1_or_both_2_and_3_with_dataset_expressions to None, run_after=None
[2026-05-17T04:56:44.285+0000] {logging_mixin.py:188} INFO - [2026-05-17T04:56:44.285+0000] {dag.py:3954} INFO - Setting next_dagrun for dataset_consumes_1 to None, run_after=None
[2026-05-17T04:56:44.287+0000] {logging_mixin.py:188} INFO - [2026-05-17T04:56:44.287+0000] {dag.py:3954} INFO - Setting next_dagrun for dataset_consumes_1_and_2 to None, run_after=None
[2026-05-17T04:56:44.290+0000] {logging_mixin.py:188} INFO - [2026-05-17T04:56:44.290+0000] {dag.py:3954} INFO - Setting next_dagrun for dataset_consumes_1_never_scheduled to None, run_after=None
[2026-05-17T04:56:44.294+0000] {logging_mixin.py:188} INFO - [2026-05-17T04:56:44.294+0000] {dag.py:3954} INFO - Setting next_dagrun for dataset_consumes_unknown_never_scheduled to None, run_after=None
[2026-05-17T04:56:44.297+0000] {logging_mixin.py:188} INFO - [2026-05-17T04:56:44.296+0000] {dag.py:3954} INFO - Setting next_dagrun for dataset_produces_1 to 2026-05-16 00:00:00+00:00, run_after=2026-05-17 00:00:00+00:00
[2026-05-17T04:56:44.298+0000] {logging_mixin.py:188} INFO - [2026-05-17T04:56:44.298+0000] {dag.py:3954} INFO - Setting next_dagrun for dataset_produces_2 to None, run_after=None
[2026-05-17T04:56:44.339+0000] {processor.py:183} INFO - Processing /home/airflow/.local/lib/python3.12/site-packages/airflow/example_dags/example_datasets.py took 0.174 seconds
[2026-05-17T04:57:15.158+0000] {processor.py:161} INFO - Started process (PID=666) to work on /home/airflow/.local/lib/python3.12/site-packages/airflow/example_dags/example_datasets.py
[2026-05-17T04:57:15.160+0000] {processor.py:830} INFO - Processing file /home/airflow/.local/lib/python3.12/site-packages/airflow/example_dags/example_datasets.py for tasks to queue
[2026-05-17T04:57:15.162+0000] {logging_mixin.py:188} INFO - [2026-05-17T04:57:15.162+0000] {dagbag.py:545} INFO - Filling up the DagBag from /home/airflow/.local/lib/python3.12/site-packages/airflow/example_dags/example_datasets.py
[2026-05-17T04:57:15.175+0000] {processor.py:840} INFO - DAG(s) 'dataset_consumes_1_never_scheduled', 'consume_1_or_both_2_and_3_with_dataset_expressions', 'dataset_consumes_unknown_never_scheduled', 'conditional_dataset_and_time_based_timetable', 'consume_1_or_2_with_dataset_expressions', 'dataset_produces_1', 'consume_1_and_2_with_dataset_expressions', 'dataset_consumes_1', 'dataset_produces_2', 'dataset_consumes_1_and_2' retrieved from /home/airflow/.local/lib/python3.12/site-packages/airflow/example_dags/example_datasets.py
[2026-05-17T04:57:15.221+0000] {logging_mixin.py:188} INFO - [2026-05-17T04:57:15.220+0000] {dag.py:3096} INFO - Sync 10 DAGs
[2026-05-17T04:57:15.238+0000] {logging_mixin.py:188} INFO - [2026-05-17T04:57:15.238+0000] {dag.py:3954} INFO - Setting next_dagrun for conditional_dataset_and_time_based_timetable to 2026-05-13 01:00:00+00:00, run_after=2026-05-13 01:00:00+00:00
[2026-05-17T04:57:15.242+0000] {logging_mixin.py:188} INFO - [2026-05-17T04:57:15.242+0000] {dag.py:3954} INFO - Setting next_dagrun for consume_1_and_2_with_dataset_expressions to None, run_after=None
[2026-05-17T04:57:15.243+0000] {logging_mixin.py:188} INFO - [2026-05-17T04:57:15.243+0000] {dag.py:3954} INFO - Setting next_dagrun for consume_1_or_2_with_dataset_expressions to None, run_after=None
[2026-05-17T04:57:15.244+0000] {logging_mixin.py:188} INFO - [2026-05-17T04:57:15.244+0000] {dag.py:3954} INFO - Setting next_dagrun for consume_1_or_both_2_and_3_with_dataset_expressions to None, run_after=None
[2026-05-17T04:57:15.245+0000] {logging_mixin.py:188} INFO - [2026-05-17T04:57:15.245+0000] {dag.py:3954} INFO - Setting next_dagrun for dataset_consumes_1 to None, run_after=None
[2026-05-17T04:57:15.246+0000] {logging_mixin.py:188} INFO - [2026-05-17T04:57:15.246+0000] {dag.py:3954} INFO - Setting next_dagrun for dataset_consumes_1_and_2 to None, run_after=None
[2026-05-17T04:57:15.247+0000] {logging_mixin.py:188} INFO - [2026-05-17T04:57:15.247+0000] {dag.py:3954} INFO - Setting next_dagrun for dataset_consumes_1_never_scheduled to None, run_after=None
[2026-05-17T04:57:15.248+0000] {logging_mixin.py:188} INFO - [2026-05-17T04:57:15.248+0000] {dag.py:3954} INFO - Setting next_dagrun for dataset_consumes_unknown_never_scheduled to None, run_after=None
[2026-05-17T04:57:15.250+0000] {logging_mixin.py:188} INFO - [2026-05-17T04:57:15.250+0000] {dag.py:3954} INFO - Setting next_dagrun for dataset_produces_1 to 2026-05-16 00:00:00+00:00, run_after=2026-05-17 00:00:00+00:00
[2026-05-17T04:57:15.251+0000] {logging_mixin.py:188} INFO - [2026-05-17T04:57:15.251+0000] {dag.py:3954} INFO - Setting next_dagrun for dataset_produces_2 to None, run_after=None
[2026-05-17T04:57:15.275+0000] {processor.py:183} INFO - Processing /home/airflow/.local/lib/python3.12/site-packages/airflow/example_dags/example_datasets.py took 0.124 seconds
[2026-05-17T04:57:45.602+0000] {processor.py:161} INFO - Started process (PID=725) to work on /home/airflow/.local/lib/python3.12/site-packages/airflow/example_dags/example_datasets.py
[2026-05-17T04:57:45.603+0000] {processor.py:830} INFO - Processing file /home/airflow/.local/lib/python3.12/site-packages/airflow/example_dags/example_datasets.py for tasks to queue
[2026-05-17T04:57:45.606+0000] {logging_mixin.py:188} INFO - [2026-05-17T04:57:45.605+0000] {dagbag.py:545} INFO - Filling up the DagBag from /home/airflow/.local/lib/python3.12/site-packages/airflow/example_dags/example_datasets.py
[2026-05-17T04:57:45.622+0000] {processor.py:840} INFO - DAG(s) 'dataset_produces_1', 'dataset_consumes_1_never_scheduled', 'dataset_consumes_1', 'dataset_produces_2', 'dataset_consumes_unknown_never_scheduled', 'consume_1_or_both_2_and_3_with_dataset_expressions', 'dataset_consumes_1_and_2', 'conditional_dataset_and_time_based_timetable', 'consume_1_and_2_with_dataset_expressions', 'consume_1_or_2_with_dataset_expressions' retrieved from /home/airflow/.local/lib/python3.12/site-packages/airflow/example_dags/example_datasets.py
[2026-05-17T04:57:45.676+0000] {logging_mixin.py:188} INFO - [2026-05-17T04:57:45.676+0000] {dag.py:3096} INFO - Sync 10 DAGs
[2026-05-17T04:57:45.707+0000] {logging_mixin.py:188} INFO - [2026-05-17T04:57:45.707+0000] {dag.py:3954} INFO - Setting next_dagrun for conditional_dataset_and_time_based_timetable to 2026-05-13 01:00:00+00:00, run_after=2026-05-13 01:00:00+00:00
[2026-05-17T04:57:45.711+0000] {logging_mixin.py:188} INFO - [2026-05-17T04:57:45.710+0000] {dag.py:3954} INFO - Setting next_dagrun for consume_1_and_2_with_dataset_expressions to None, run_after=None
[2026-05-17T04:57:45.712+0000] {logging_mixin.py:188} INFO - [2026-05-17T04:57:45.712+0000] {dag.py:3954} INFO - Setting next_dagrun for consume_1_or_2_with_dataset_expressions to None, run_after=None
[2026-05-17T04:57:45.713+0000] {logging_mixin.py:188} INFO - [2026-05-17T04:57:45.713+0000] {dag.py:3954} INFO - Setting next_dagrun for consume_1_or_both_2_and_3_with_dataset_expressions to None, run_after=None
[2026-05-17T04:57:45.714+0000] {logging_mixin.py:188} INFO - [2026-05-17T04:57:45.714+0000] {dag.py:3954} INFO - Setting next_dagrun for dataset_consumes_1 to None, run_after=None
[2026-05-17T04:57:45.715+0000] {logging_mixin.py:188} INFO - [2026-05-17T04:57:45.715+0000] {dag.py:3954} INFO - Setting next_dagrun for dataset_consumes_1_and_2 to None, run_after=None
[2026-05-17T04:57:45.716+0000] {logging_mixin.py:188} INFO - [2026-05-17T04:57:45.716+0000] {dag.py:3954} INFO - Setting next_dagrun for dataset_consumes_1_never_scheduled to None, run_after=None
[2026-05-17T04:57:45.717+0000] {logging_mixin.py:188} INFO - [2026-05-17T04:57:45.717+0000] {dag.py:3954} INFO - Setting next_dagrun for dataset_consumes_unknown_never_scheduled to None, run_after=None
[2026-05-17T04:57:45.718+0000] {logging_mixin.py:188} INFO - [2026-05-17T04:57:45.718+0000] {dag.py:3954} INFO - Setting next_dagrun for dataset_produces_1 to 2026-05-16 00:00:00+00:00, run_after=2026-05-17 00:00:00+00:00
[2026-05-17T04:57:45.719+0000] {logging_mixin.py:188} INFO - [2026-05-17T04:57:45.719+0000] {dag.py:3954} INFO - Setting next_dagrun for dataset_produces_2 to None, run_after=None
[2026-05-17T04:57:45.747+0000] {processor.py:183} INFO - Processing /home/airflow/.local/lib/python3.12/site-packages/airflow/example_dags/example_datasets.py took 0.151 seconds
[2026-05-17T04:58:16.232+0000] {processor.py:161} INFO - Started process (PID=784) to work on /home/airflow/.local/lib/python3.12/site-packages/airflow/example_dags/example_datasets.py
[2026-05-17T04:58:16.233+0000] {processor.py:830} INFO - Processing file /home/airflow/.local/lib/python3.12/site-packages/airflow/example_dags/example_datasets.py for tasks to queue
[2026-05-17T04:58:16.235+0000] {logging_mixin.py:188} INFO - [2026-05-17T04:58:16.235+0000] {dagbag.py:545} INFO - Filling up the DagBag from /home/airflow/.local/lib/python3.12/site-packages/airflow/example_dags/example_datasets.py
[2026-05-17T04:58:16.247+0000] {processor.py:840} INFO - DAG(s) 'dataset_produces_2', 'consume_1_or_2_with_dataset_expressions', 'dataset_consumes_1_and_2', 'consume_1_or_both_2_and_3_with_dataset_expressions', 'conditional_dataset_and_time_based_timetable', 'dataset_consumes_unknown_never_scheduled', 'dataset_consumes_1', 'consume_1_and_2_with_dataset_expressions', 'dataset_consumes_1_never_scheduled', 'dataset_produces_1' retrieved from /home/airflow/.local/lib/python3.12/site-packages/airflow/example_dags/example_datasets.py
[2026-05-17T04:58:16.282+0000] {logging_mixin.py:188} INFO - [2026-05-17T04:58:16.282+0000] {dag.py:3096} INFO - Sync 10 DAGs
[2026-05-17T04:58:16.303+0000] {logging_mixin.py:188} INFO - [2026-05-17T04:58:16.303+0000] {dag.py:3954} INFO - Setting next_dagrun for conditional_dataset_and_time_based_timetable to 2026-05-13 01:00:00+00:00, run_after=2026-05-13 01:00:00+00:00
[2026-05-17T04:58:16.307+0000] {logging_mixin.py:188} INFO - [2026-05-17T04:58:16.306+0000] {dag.py:3954} INFO - Setting next_dagrun for consume_1_and_2_with_dataset_expressions to None, run_after=None
[2026-05-17T04:58:16.308+0000] {logging_mixin.py:188} INFO - [2026-05-17T04:58:16.308+0000] {dag.py:3954} INFO - Setting next_dagrun for consume_1_or_2_with_dataset_expressions to None, run_after=None
[2026-05-17T04:58:16.309+0000] {logging_mixin.py:188} INFO - [2026-05-17T04:58:16.309+0000] {dag.py:3954} INFO - Setting next_dagrun for consume_1_or_both_2_and_3_with_dataset_expressions to None, run_after=None
[2026-05-17T04:58:16.310+0000] {logging_mixin.py:188} INFO - [2026-05-17T04:58:16.310+0000] {dag.py:3954} INFO - Setting next_dagrun for dataset_consumes_1 to None, run_after=None
[2026-05-17T04:58:16.311+0000] {logging_mixin.py:188} INFO - [2026-05-17T04:58:16.311+0000] {dag.py:3954} INFO - Setting next_dagrun for dataset_consumes_1_and_2 to None, run_after=None
[2026-05-17T04:58:16.312+0000] {logging_mixin.py:188} INFO - [2026-05-17T04:58:16.312+0000] {dag.py:3954} INFO - Setting next_dagrun for dataset_consumes_1_never_scheduled to None, run_after=None
[2026-05-17T04:58:16.313+0000] {logging_mixin.py:188} INFO - [2026-05-17T04:58:16.313+0000] {dag.py:3954} INFO - Setting next_dagrun for dataset_consumes_unknown_never_scheduled to None, run_after=None
[2026-05-17T04:58:16.315+0000] {logging_mixin.py:188} INFO - [2026-05-17T04:58:16.315+0000] {dag.py:3954} INFO - Setting next_dagrun for dataset_produces_1 to 2026-05-16 00:00:00+00:00, run_after=2026-05-17 00:00:00+00:00
[2026-05-17T04:58:16.316+0000] {logging_mixin.py:188} INFO - [2026-05-17T04:58:16.316+0000] {dag.py:3954} INFO - Setting next_dagrun for dataset_produces_2 to None, run_after=None
[2026-05-17T04:58:16.343+0000] {processor.py:183} INFO - Processing /home/airflow/.local/lib/python3.12/site-packages/airflow/example_dags/example_datasets.py took 0.115 seconds
[2026-05-17T05:00:22.381+0000] {processor.py:161} INFO - Started process (PID=64) to work on /home/airflow/.local/lib/python3.12/site-packages/airflow/example_dags/example_datasets.py
[2026-05-17T05:00:22.383+0000] {processor.py:830} INFO - Processing file /home/airflow/.local/lib/python3.12/site-packages/airflow/example_dags/example_datasets.py for tasks to queue
[2026-05-17T05:00:22.385+0000] {logging_mixin.py:188} INFO - [2026-05-17T05:00:22.385+0000] {dagbag.py:545} INFO - Filling up the DagBag from /home/airflow/.local/lib/python3.12/site-packages/airflow/example_dags/example_datasets.py
[2026-05-17T05:00:22.400+0000] {processor.py:840} INFO - DAG(s) 'dataset_consumes_unknown_never_scheduled', 'consume_1_or_both_2_and_3_with_dataset_expressions', 'dataset_consumes_1_never_scheduled', 'dataset_consumes_1_and_2', 'dataset_produces_1', 'consume_1_and_2_with_dataset_expressions', 'dataset_produces_2', 'dataset_consumes_1', 'consume_1_or_2_with_dataset_expressions', 'conditional_dataset_and_time_based_timetable' retrieved from /home/airflow/.local/lib/python3.12/site-packages/airflow/example_dags/example_datasets.py
[2026-05-17T05:00:22.447+0000] {logging_mixin.py:188} INFO - [2026-05-17T05:00:22.447+0000] {dag.py:3096} INFO - Sync 10 DAGs
[2026-05-17T05:00:22.470+0000] {logging_mixin.py:188} INFO - [2026-05-17T05:00:22.470+0000] {dag.py:3954} INFO - Setting next_dagrun for conditional_dataset_and_time_based_timetable to 2026-05-13 01:00:00+00:00, run_after=2026-05-13 01:00:00+00:00
[2026-05-17T05:00:22.473+0000] {logging_mixin.py:188} INFO - [2026-05-17T05:00:22.473+0000] {dag.py:3954} INFO - Setting next_dagrun for consume_1_and_2_with_dataset_expressions to None, run_after=None
[2026-05-17T05:00:22.474+0000] {logging_mixin.py:188} INFO - [2026-05-17T05:00:22.474+0000] {dag.py:3954} INFO - Setting next_dagrun for consume_1_or_2_with_dataset_expressions to None, run_after=None
[2026-05-17T05:00:22.476+0000] {logging_mixin.py:188} INFO - [2026-05-17T05:00:22.476+0000] {dag.py:3954} INFO - Setting next_dagrun for consume_1_or_both_2_and_3_with_dataset_expressions to None, run_after=None
[2026-05-17T05:00:22.477+0000] {logging_mixin.py:188} INFO - [2026-05-17T05:00:22.477+0000] {dag.py:3954} INFO - Setting next_dagrun for dataset_consumes_1 to None, run_after=None
[2026-05-17T05:00:22.478+0000] {logging_mixin.py:188} INFO - [2026-05-17T05:00:22.478+0000] {dag.py:3954} INFO - Setting next_dagrun for dataset_consumes_1_and_2 to None, run_after=None
[2026-05-17T05:00:22.479+0000] {logging_mixin.py:188} INFO - [2026-05-17T05:00:22.479+0000] {dag.py:3954} INFO - Setting next_dagrun for dataset_consumes_1_never_scheduled to None, run_after=None
[2026-05-17T05:00:22.480+0000] {logging_mixin.py:188} INFO - [2026-05-17T05:00:22.479+0000] {dag.py:3954} INFO - Setting next_dagrun for dataset_consumes_unknown_never_scheduled to None, run_after=None
[2026-05-17T05:00:22.481+0000] {logging_mixin.py:188} INFO - [2026-05-17T05:00:22.481+0000] {dag.py:3954} INFO - Setting next_dagrun for dataset_produces_1 to 2026-05-16 00:00:00+00:00, run_after=2026-05-17 00:00:00+00:00
[2026-05-17T05:00:22.483+0000] {logging_mixin.py:188} INFO - [2026-05-17T05:00:22.482+0000] {dag.py:3954} INFO - Setting next_dagrun for dataset_produces_2 to None, run_after=None
[2026-05-17T05:00:22.508+0000] {processor.py:183} INFO - Processing /home/airflow/.local/lib/python3.12/site-packages/airflow/example_dags/example_datasets.py took 0.132 seconds
[2026-05-17T05:01:28.828+0000] {processor.py:161} INFO - Started process (PID=64) to work on /home/airflow/.local/lib/python3.12/site-packages/airflow/example_dags/example_datasets.py
[2026-05-17T05:01:28.829+0000] {processor.py:830} INFO - Processing file /home/airflow/.local/lib/python3.12/site-packages/airflow/example_dags/example_datasets.py for tasks to queue
[2026-05-17T05:01:28.831+0000] {logging_mixin.py:188} INFO - [2026-05-17T05:01:28.831+0000] {dagbag.py:545} INFO - Filling up the DagBag from /home/airflow/.local/lib/python3.12/site-packages/airflow/example_dags/example_datasets.py
[2026-05-17T05:01:28.846+0000] {processor.py:840} INFO - DAG(s) 'dataset_consumes_1_never_scheduled', 'consume_1_or_2_with_dataset_expressions', 'dataset_produces_1', 'dataset_consumes_1', 'consume_1_and_2_with_dataset_expressions', 'consume_1_or_both_2_and_3_with_dataset_expressions', 'dataset_consumes_unknown_never_scheduled', 'dataset_consumes_1_and_2', 'conditional_dataset_and_time_based_timetable', 'dataset_produces_2' retrieved from /home/airflow/.local/lib/python3.12/site-packages/airflow/example_dags/example_datasets.py
[2026-05-17T05:01:28.899+0000] {logging_mixin.py:188} INFO - [2026-05-17T05:01:28.899+0000] {dag.py:3096} INFO - Sync 10 DAGs
[2026-05-17T05:01:28.923+0000] {logging_mixin.py:188} INFO - [2026-05-17T05:01:28.923+0000] {dag.py:3954} INFO - Setting next_dagrun for conditional_dataset_and_time_based_timetable to 2026-05-13 01:00:00+00:00, run_after=2026-05-13 01:00:00+00:00
[2026-05-17T05:01:28.927+0000] {logging_mixin.py:188} INFO - [2026-05-17T05:01:28.927+0000] {dag.py:3954} INFO - Setting next_dagrun for consume_1_and_2_with_dataset_expressions to None, run_after=None
[2026-05-17T05:01:28.929+0000] {logging_mixin.py:188} INFO - [2026-05-17T05:01:28.929+0000] {dag.py:3954} INFO - Setting next_dagrun for consume_1_or_2_with_dataset_expressions to None, run_after=None
[2026-05-17T05:01:28.931+0000] {logging_mixin.py:188} INFO - [2026-05-17T05:01:28.930+0000] {dag.py:3954} INFO - Setting next_dagrun for consume_1_or_both_2_and_3_with_dataset_expressions to None, run_after=None
[2026-05-17T05:01:28.932+0000] {logging_mixin.py:188} INFO - [2026-05-17T05:01:28.932+0000] {dag.py:3954} INFO - Setting next_dagrun for dataset_consumes_1 to None, run_after=None
[2026-05-17T05:01:28.933+0000] {logging_mixin.py:188} INFO - [2026-05-17T05:01:28.933+0000] {dag.py:3954} INFO - Setting next_dagrun for dataset_consumes_1_and_2 to None, run_after=None
[2026-05-17T05:01:28.935+0000] {logging_mixin.py:188} INFO - [2026-05-17T05:01:28.934+0000] {dag.py:3954} INFO - Setting next_dagrun for dataset_consumes_1_never_scheduled to None, run_after=None
[2026-05-17T05:01:28.936+0000] {logging_mixin.py:188} INFO - [2026-05-17T05:01:28.935+0000] {dag.py:3954} INFO - Setting next_dagrun for dataset_consumes_unknown_never_scheduled to None, run_after=None
[2026-05-17T05:01:28.937+0000] {logging_mixin.py:188} INFO - [2026-05-17T05:01:28.937+0000] {dag.py:3954} INFO - Setting next_dagrun for dataset_produces_1 to 2026-05-16 00:00:00+00:00, run_after=2026-05-17 00:00:00+00:00
[2026-05-17T05:01:28.938+0000] {logging_mixin.py:188} INFO - [2026-05-17T05:01:28.938+0000] {dag.py:3954} INFO - Setting next_dagrun for dataset_produces_2 to None, run_after=None
[2026-05-17T05:01:28.968+0000] {processor.py:183} INFO - Processing /home/airflow/.local/lib/python3.12/site-packages/airflow/example_dags/example_datasets.py took 0.146 seconds
